2026-10-08 01:59:40 URL:https://avanthienggcollege.ac.in/ [319969] -> "avanthienggcollege.ac.in/index.html" [1]
2026-10-08 01:59:41 URL:https://avanthienggcollege.ac.in/alumni [135916] -> "avanthienggcollege.ac.in/alumni.html" [1]
2026-10-08 01:59:41 URL:https://avanthienggcollege.ac.in/electoral [124302] -> "avanthienggcollege.ac.in/electoral.html" [1]
2026-10-08 01:59:42 URL:https://avanthienggcollege.ac.in/mou [127183] -> "avanthienggcollege.ac.in/mou.html" [1]
2026-10-08 01:59:42 URL:https://avanthienggcollege.ac.in/iqac [121729] -> "avanthienggcollege.ac.in/iqac.html" [1]
2026-10-08 01:59:42 URL:https://avanthienggcollege.ac.in/admissionforms [15948] -> "avanthienggcollege.ac.in/admissionforms.html" [1]
2026-10-08 01:59:43 URL:https://avanthienggcollege.ac.in/contact_us [125022] -> "avanthienggcollege.ac.in/contact_us.html" [1]
2026-10-08 01:59:43 URL:https://avanthienggcollege.ac.in/about [122213] -> "avanthienggcollege.ac.in/about.html" [1]
2026-10-08 01:59:44 URL:https://avanthienggcollege.ac.in/founder [139954] -> "avanthienggcollege.ac.in/founder.html" [1]
2026-10-08 01:59:44 URL:https://avanthienggcollege.ac.in/principal [121411] -> "avanthienggcollege.ac.in/principal.html" [1]
2026-10-08 01:59:45 URL:https://avanthienggcollege.ac.in/org [118493] -> "avanthienggcollege.ac.in/org.html" [1]
2026-10-08 01:59:45 URL:https://avanthienggcollege.ac.in/grevience_leadership [124862] -> "avanthienggcollege.ac.in/grevience_leadership.html" [1]
2026-10-08 01:59:46 URL:https://avanthienggcollege.ac.in/commeitte [173414] -> "avanthienggcollege.ac.in/commeitte.html" [1]
2026-10-08 01:59:46 URL:https://avanthienggcollege.ac.in/inauguration [129747] -> "avanthienggcollege.ac.in/inauguration.html" [1]
2026-10-08 01:59:46 URL:https://avanthienggcollege.ac.in/nss [122239] -> "avanthienggcollege.ac.in/nss.html" [1]
2026-10-08 01:59:47 URL:https://avanthienggcollege.ac.in/gender-equality [124696] -> "avanthienggcollege.ac.in/gender-equality.html" [1]
2026-10-08 01:59:47 URL:https://avanthienggcollege.ac.in/energy [123655] -> "avanthienggcollege.ac.in/energy.html" [1]
2026-10-08 01:59:48 URL:https://avanthienggcollege.ac.in/waste [121722] -> "avanthienggcollege.ac.in/waste.html" [1]
2026-10-08 01:59:48 URL:https://avanthienggcollege.ac.in/water [123531] -> "avanthienggcollege.ac.in/water.html" [1]
2026-10-08 01:59:49 URL:https://avanthienggcollege.ac.in/greencampus [121670] -> "avanthienggcollege.ac.in/greencampus.html" [1]
2026-10-08 01:59:49 URL:https://avanthienggcollege.ac.in/audit [122571] -> "avanthienggcollege.ac.in/audit.html" [1]
2026-10-08 01:59:50 URL:https://avanthienggcollege.ac.in/disabled [120733] -> "avanthienggcollege.ac.in/disabled.html" [1]
2026-10-08 01:59:50 URL:https://avanthienggcollege.ac.in/institutional [136367] -> "avanthienggcollege.ac.in/institutional.html" [1]
2026-10-08 01:59:50 URL:https://avanthienggcollege.ac.in/sensitization [118828] -> "avanthienggcollege.ac.in/sensitization.html" [1]
2026-10-08 01:59:51 URL:https://avanthienggcollege.ac.in/codeofconduct [118833] -> "avanthienggcollege.ac.in/codeofconduct.html" [1]
2026-10-08 01:59:51 URL:https://avanthienggcollege.ac.in/best_practices [119964] -> "avanthienggcollege.ac.in/best_practices.html" [1]
2026-10-08 01:59:52 URL:https://avanthienggcollege.ac.in/institutional_distinctiveness [120351] -> "avanthienggcollege.ac.in/institutional_distinctiveness.html" [1]
2026-10-08 01:59:52 URL:https://avanthienggcollege.ac.in/ExtensionActivities [119193] -> "avanthienggcollege.ac.in/ExtensionActivities.html" [1]
2026-10-08 01:59:53 URL:https://avanthienggcollege.ac.in/institutional_values [118413] -> "avanthienggcollege.ac.in/institutional_values.html" [1]
2026-10-08 01:59:53 URL:https://avanthienggcollege.ac.in/value_rights_duties [118997] -> "avanthienggcollege.ac.in/value_rights_duties.html" [1]
2026-10-08 01:59:53 URL:https://avanthienggcollege.ac.in/measures_institution [144106] -> "avanthienggcollege.ac.in/measures_institution.html" [1]
2026-10-08 01:59:54 URL:https://avanthienggcollege.ac.in/quality_audits_on_energy_green [130071] -> "avanthienggcollege.ac.in/quality_audits_on_energy_green.html" [1]
2026-10-08 01:59:54 URL:https://avanthienggcollege.ac.in/bestpractices [117357] -> "avanthienggcollege.ac.in/bestpractices.html" [1]
2026-10-08 01:59:55 URL:https://avanthienggcollege.ac.in/ncc [122318] -> "avanthienggcollege.ac.in/ncc.html" [1]
2026-10-08 01:59:55 URL:https://avanthienggcollege.ac.in/pdp_organized [142890] -> "avanthienggcollege.ac.in/pdp_organized.html" [1]
2026-10-08 01:59:56 URL:https://avanthienggcollege.ac.in/institutionalleadership [122411] -> "avanthienggcollege.ac.in/institutionalleadership.html" [1]
2026-10-08 01:59:56 URL:https://avanthienggcollege.ac.in/function [119177] -> "avanthienggcollege.ac.in/function.html" [1]
2026-10-08 01:59:57 URL:https://avanthienggcollege.ac.in/ecap [119899] -> "avanthienggcollege.ac.in/ecap.html" [1]
2026-10-08 01:59:57 URL:https://avanthienggcollege.ac.in/t6 [121341] -> "avanthienggcollege.ac.in/t6.html" [1]
2026-10-08 01:59:57 URL:https://avanthienggcollege.ac.in/t1 [220673] -> "avanthienggcollege.ac.in/t1.html" [1]
2026-10-08 01:59:58 URL:https://avanthienggcollege.ac.in/t2 [195800] -> "avanthienggcollege.ac.in/t2.html" [1]
2026-10-08 01:59:58 URL:https://avanthienggcollege.ac.in/nt1 [162053] -> "avanthienggcollege.ac.in/nt1.html" [1]
2026-10-08 01:59:59 URL:https://avanthienggcollege.ac.in/nt2 [167156] -> "avanthienggcollege.ac.in/nt2.html" [1]
2026-10-08 01:59:59 URL:https://avanthienggcollege.ac.in/financialsupport_2023_24 [175301] -> "avanthienggcollege.ac.in/financialsupport_2023_24.html" [1]
2026-10-08 02:00:00 URL:https://avanthienggcollege.ac.in/financialsupport_2021_22 [166539] -> "avanthienggcollege.ac.in/financialsupport_2021_22.html" [1]
2026-10-08 02:00:00 URL:https://avanthienggcollege.ac.in/financialsupport_2020_21 [165143] -> "avanthienggcollege.ac.in/financialsupport_2020_21.html" [1]
2026-10-08 02:00:01 URL:https://avanthienggcollege.ac.in/financialsupport_2019_20 [149443] -> "avanthienggcollege.ac.in/financialsupport_2019_20.html" [1]
2026-10-08 02:00:01 URL:https://avanthienggcollege.ac.in/financialsupport_2018_19 [136026] -> "avanthienggcollege.ac.in/financialsupport_2018_19.html" [1]
2026-10-08 02:00:02 URL:https://avanthienggcollege.ac.in/financialsupport_2017_18 [138197] -> "avanthienggcollege.ac.in/financialsupport_2017_18.html" [1]
2026-10-08 02:00:02 URL:https://avanthienggcollege.ac.in/faculty_appraisal [119053] -> "avanthienggcollege.ac.in/faculty_appraisal.html" [1]
2026-10-08 02:00:03 URL:https://avanthienggcollege.ac.in/ictf_facilities [187869] -> "avanthienggcollege.ac.in/ictf_facilities.html" [1]
2026-10-08 02:00:03 URL:https://avanthienggcollege.ac.in/courses [145415] -> "avanthienggcollege.ac.in/courses.html" [1]
2026-10-08 02:00:03 URL:https://avanthienggcollege.ac.in/ece [211673] -> "avanthienggcollege.ac.in/ece.html" [1]
2026-10-08 02:00:04 URL:https://avanthienggcollege.ac.in/eee [186336] -> "avanthienggcollege.ac.in/eee.html" [1]
2026-10-08 02:00:04 URL:https://avanthienggcollege.ac.in/cse [186751] -> "avanthienggcollege.ac.in/cse.html" [1]
2026-10-08 02:00:05 URL:https://avanthienggcollege.ac.in/csm [169740] -> "avanthienggcollege.ac.in/csm.html" [1]
2026-10-08 02:00:05 URL:https://avanthienggcollege.ac.in/mech [158094] -> "avanthienggcollege.ac.in/mech.html" [1]
2026-10-08 02:00:06 URL:https://avanthienggcollege.ac.in/mba [120310] -> "avanthienggcollege.ac.in/mba.html" [1]
2026-10-08 02:00:06 URL:https://avanthienggcollege.ac.in/bsh [138298] -> "avanthienggcollege.ac.in/bsh.html" [1]
2026-10-08 02:00:07 URL:https://avanthienggcollege.ac.in/mtechvls [192175] -> "avanthienggcollege.ac.in/mtechvls.html" [1]
2026-10-08 02:00:07 URL:https://avanthienggcollege.ac.in/mtechcse [179011] -> "avanthienggcollege.ac.in/mtechcse.html" [1]
2026-10-08 02:00:08 URL:https://avanthienggcollege.ac.in/mtechpe [178662] -> "avanthienggcollege.ac.in/mtechpe.html" [1]
2026-10-08 02:00:08 URL:https://avanthienggcollege.ac.in/mtechdec [192169] -> "avanthienggcollege.ac.in/mtechdec.html" [1]
https://avanthienggcollege.ac.in/civil:
2026-10-08 02:00:08 ERROR 500: Internal Server Error.
2026-10-08 02:00:09 URL:https://avanthienggcollege.ac.in/faculties_list [255179] -> "avanthienggcollege.ac.in/faculties_list.html" [1]
2026-10-08 02:00:09 URL:https://avanthienggcollege.ac.in/conferences [118857] -> "avanthienggcollege.ac.in/conferences.html" [1]
2026-10-08 02:00:10 URL:https://avanthienggcollege.ac.in/linkages [127320] -> "avanthienggcollege.ac.in/linkages.html" [1]
2026-10-08 02:00:10 URL:https://avanthienggcollege.ac.in/incubation [118628] -> "avanthienggcollege.ac.in/incubation.html" [1]
2026-10-08 02:00:11 URL:https://avanthienggcollege.ac.in/infrastracture [122269] -> "avanthienggcollege.ac.in/infrastracture.html" [1]
2026-10-08 02:00:11 URL:https://avanthienggcollege.ac.in/physical_facilities [169468] -> "avanthienggcollege.ac.in/physical_facilities.html" [1]
2026-10-08 02:00:12 URL:https://avanthienggcollege.ac.in/general_facilities [148593] -> "avanthienggcollege.ac.in/general_facilities.html" [1]
2026-10-08 02:00:12 URL:https://avanthienggcollege.ac.in/library_facilities [118695] -> "avanthienggcollege.ac.in/library_facilities.html" [1]
2026-10-08 02:00:12 URL:https://avanthienggcollege.ac.in/about_library [120677] -> "avanthienggcollege.ac.in/about_library.html" [1]
2026-10-08 02:00:13 URL:https://avanthienggcollege.ac.in/soul [121413] -> "avanthienggcollege.ac.in/soul.html" [1]
2026-10-08 02:00:13 URL:https://avanthienggcollege.ac.in/digital_library [120918] -> "avanthienggcollege.ac.in/digital_library.html" [1]
2026-10-08 02:00:14 URL:https://avanthienggcollege.ac.in/online_ejournals [120802] -> "avanthienggcollege.ac.in/online_ejournals.html" [1]
2026-10-08 02:00:14 URL:https://avanthienggcollege.ac.in/photo_gallery [121680] -> "avanthienggcollege.ac.in/photo_gallery.html" [1]
2026-10-08 02:00:15 URL:https://avanthienggcollege.ac.in/itf_facilities [118671] -> "avanthienggcollege.ac.in/itf_facilities.html" [1]
2026-10-08 02:00:15 URL:https://avanthienggcollege.ac.in/welfare [120297] -> "avanthienggcollege.ac.in/welfare.html" [1]
2026-10-08 02:00:15 URL:https://avanthienggcollege.ac.in/cse_department [138487] -> "avanthienggcollege.ac.in/cse_department.html" [1]
2026-10-08 02:00:16 URL:https://avanthienggcollege.ac.in/ece_department [136455] -> "avanthienggcollege.ac.in/ece_department.html" [1]
2026-10-08 02:00:16 URL:https://avanthienggcollege.ac.in/eee_department [130724] -> "avanthienggcollege.ac.in/eee_department.html" [1]
2026-10-08 02:00:17 URL:https://avanthienggcollege.ac.in/mech_department [137899] -> "avanthienggcollege.ac.in/mech_department.html" [1]
2026-10-08 02:00:17 URL:https://avanthienggcollege.ac.in/mba_department [125306] -> "avanthienggcollege.ac.in/mba_department.html" [1]
2026-10-08 02:00:18 URL:https://avanthienggcollege.ac.in/csm_department [125447] -> "avanthienggcollege.ac.in/csm_department.html" [1]
2026-10-08 02:00:18 URL:https://avanthienggcollege.ac.in/h_bs_department [133953] -> "avanthienggcollege.ac.in/h_bs_department.html" [1]
2026-10-08 02:00:18 URL:https://avanthienggcollege.ac.in/companies [118451] -> "avanthienggcollege.ac.in/companies.html" [1]
2026-10-08 02:00:19 URL:https://avanthienggcollege.ac.in/placements [142077] -> "avanthienggcollege.ac.in/placements.html" [1]
2026-10-08 02:00:19 URL:https://avanthienggcollege.ac.in/pg-courses [123190] -> "avanthienggcollege.ac.in/pg-courses.html" [1]
2026-10-08 02:00:20 URL:https://avanthienggcollege.ac.in/qualified [130880] -> "avanthienggcollege.ac.in/qualified.html" [1]
2026-10-08 02:00:20 URL:https://avanthienggcollege.ac.in/career-guidence [158911] -> "avanthienggcollege.ac.in/career-guidence.html" [1]
2026-10-08 02:00:21 URL:https://avanthienggcollege.ac.in/capacity_building [120202] -> "avanthienggcollege.ac.in/capacity_building.html" [1]
2026-10-08 02:00:21 URL:https://avanthienggcollege.ac.in/curriculam_planing [123050] -> "avanthienggcollege.ac.in/curriculam_planing.html" [1]
2026-10-08 02:00:21 URL:https://avanthienggcollege.ac.in/academic_flixbility [158166] -> "avanthienggcollege.ac.in/academic_flixbility.html" [1]
2026-10-08 02:00:22 URL:https://avanthienggcollege.ac.in/curriculumanalysis [142368] -> "avanthienggcollege.ac.in/curriculumanalysis.html" [1]
2026-10-08 02:00:22 URL:https://avanthienggcollege.ac.in/curriculam_enrichment [120438] -> "avanthienggcollege.ac.in/curriculam_enrichment.html" [1]
2026-10-08 02:00:23 URL:https://avanthienggcollege.ac.in/academic_regulation [120412] -> "avanthienggcollege.ac.in/academic_regulation.html" [1]
2026-10-08 02:00:23 URL:https://avanthienggcollege.ac.in/feedback_system [238413] -> "avanthienggcollege.ac.in/feedback_system.html" [1]
2026-10-08 02:00:24 URL:https://avanthienggcollege.ac.in/course_outcomes [126938] -> "avanthienggcollege.ac.in/course_outcomes.html" [1]
2026-10-08 02:00:24 URL:https://avanthienggcollege.ac.in/industrial_visits [157142] -> "avanthienggcollege.ac.in/industrial_visits.html" [1]
2026-10-08 02:00:26 URL:https://avanthienggcollege.ac.in/anti_sexual_harasssment [150608] -> "avanthienggcollege.ac.in/anti_sexual_harasssment.html" [1]
2026-10-08 02:00:26 URL:https://avanthienggcollege.ac.in/scholarship [134646] -> "avanthienggcollege.ac.in/scholarship.html" [1]
2026-10-08 02:00:27 URL:https://avanthienggcollege.ac.in/results [119941] -> "avanthienggcollege.ac.in/results.html" [1]
2026-10-08 02:00:27 URL:https://avanthienggcollege.ac.in/Students_Centric_Methods [128225] -> "avanthienggcollege.ac.in/Students_Centric_Methods.html" [1]
2026-10-08 02:00:28 URL:https://avanthienggcollege.ac.in/students_on_role [124168] -> "avanthienggcollege.ac.in/students_on_role.html" [1]
2026-10-08 02:00:28 URL:https://avanthienggcollege.ac.in/aicte_apporvedlist [119957] -> "avanthienggcollege.ac.in/aicte_apporvedlist.html" [1]
2026-10-08 02:00:29 URL:https://avanthienggcollege.ac.in/sports [122911] -> "avanthienggcollege.ac.in/sports.html" [1]
2026-10-08 02:00:29 URL:https://avanthienggcollege.ac.in/intra [123366] -> "avanthienggcollege.ac.in/intra.html" [1]
2026-10-08 02:00:30 URL:https://avanthienggcollege.ac.in/extra [122563] -> "avanthienggcollege.ac.in/extra.html" [1]
2026-10-08 02:00:30 URL:https://avanthienggcollege.ac.in/deanofacademics [127622] -> "avanthienggcollege.ac.in/deanofacademics.html" [1]
2026-10-08 02:00:30 URL:https://avanthienggcollege.ac.in/controllerofexamination [121782] -> "avanthienggcollege.ac.in/controllerofexamination.html" [1]
2026-10-08 02:00:31 URL:https://avanthienggcollege.ac.in/asstcontrollerofexamination [122605] -> "avanthienggcollege.ac.in/asstcontrollerofexamination.html" [1]
2026-10-08 02:00:31 URL:https://avanthienggcollege.ac.in/exams [158176] -> "avanthienggcollege.ac.in/exams.html" [1]
2026-10-08 02:00:32 URL:https://avanthienggcollege.ac.in/btech [122279] -> "avanthienggcollege.ac.in/btech.html" [1]
2026-10-08 02:00:32 URL:https://avanthienggcollege.ac.in/mtech [120709] -> "avanthienggcollege.ac.in/mtech.html" [1]
2026-10-08 02:00:33 URL:https://avanthienggcollege.ac.in/mca [120986] -> "avanthienggcollege.ac.in/mca.html" [1]
2026-10-08 02:00:33 URL:https://avanthienggcollege.ac.in/iqac2024 [183271] -> "avanthienggcollege.ac.in/iqac2024.html" [1]
2026-10-08 02:00:34 URL:https://avanthienggcollege.ac.in/placements25_26 [120618] -> "avanthienggcollege.ac.in/placements25_26.html" [1]
2026-10-08 02:00:34 URL:https://avanthienggcollege.ac.in/placementts [143204] -> "avanthienggcollege.ac.in/placementts.html" [1]
2026-10-08 02:00:35 URL:https://avanthienggcollege.ac.in/page33 [151096] -> "avanthienggcollege.ac.in/page33.html" [1]
2026-10-08 02:00:35 URL:https://avanthienggcollege.ac.in/induction_meet1 [120564] -> "avanthienggcollege.ac.in/induction_meet1.html" [1]
2026-10-08 02:00:35 URL:https://avanthienggcollege.ac.in/di_frers_pty [121427] -> "avanthienggcollege.ac.in/di_frers_pty.html" [1]
2026-10-08 02:00:36 URL:https://avanthienggcollege.ac.in/btech_Intro_2026 [121058] -> "avanthienggcollege.ac.in/btech_Intro_2026.html" [1]
2026-10-08 02:00:36 URL:https://avanthienggcollege.ac.in/hackathon_2026 [122537] -> "avanthienggcollege.ac.in/hackathon_2026.html" [1]
2026-10-08 02:00:37 URL:https://avanthienggcollege.ac.in/Diploma_Induction_meet [121553] -> "avanthienggcollege.ac.in/Diploma_Induction_meet.html" [1]
2026-10-08 02:00:37 URL:https://avanthienggcollege.ac.in/alumni_meet [123952] -> "avanthienggcollege.ac.in/alumni_meet.html" [1]
2026-10-08 02:00:38 URL:https://avanthienggcollege.ac.in/yoga_day [121756] -> "avanthienggcollege.ac.in/yoga_day.html" [1]
2026-10-08 02:00:38 URL:https://avanthienggcollege.ac.in/silver_jubliee [128114] -> "avanthienggcollege.ac.in/silver_jubliee.html" [1]
2026-10-08 02:00:39 URL:https://avanthienggcollege.ac.in/anti_Drug_campaign [120842] -> "avanthienggcollege.ac.in/anti_Drug_campaign.html" [1]
2026-10-08 02:00:39 URL:https://avanthienggcollege.ac.in/Technical_Meet [128973] -> "avanthienggcollege.ac.in/Technical_Meet.html" [1]
2026-10-08 02:00:39 URL:https://avanthienggcollege.ac.in/prePongal_Events [123571] -> "avanthienggcollege.ac.in/prePongal_Events.html" [1]
2026-10-08 02:00:40 URL:https://avanthienggcollege.ac.in/Technical_Expo [125119] -> "avanthienggcollege.ac.in/Technical_Expo.html" [1]
2026-10-08 02:00:40 URL:https://avanthienggcollege.ac.in/Induction_meet [123599] -> "avanthienggcollege.ac.in/Induction_meet.html" [1]
2026-10-08 02:00:41 URL:https://avanthienggcollege.ac.in/AYURVEDA_DAY [121585] -> "avanthienggcollege.ac.in/AYURVEDA_DAY.html" [1]
2026-10-08 02:00:41 URL:https://avanthienggcollege.ac.in/Anti_Ragging [121656] -> "avanthienggcollege.ac.in/Anti_Ragging.html" [1]
2026-10-08 02:00:42 URL:https://avanthienggcollege.ac.in/engineering_day [123815] -> "avanthienggcollege.ac.in/engineering_day.html" [1]
2026-10-08 02:00:42 URL:https://avanthienggcollege.ac.in/annual_appreciation [121268] -> "avanthienggcollege.ac.in/annual_appreciation.html" [1]
2026-10-08 02:00:43 URL:https://avanthienggcollege.ac.in/teachers_day_2025 [127176] -> "avanthienggcollege.ac.in/teachers_day_2025.html" [1]
2026-10-08 02:00:43 URL:https://avanthienggcollege.ac.in/National_sports [122218] -> "avanthienggcollege.ac.in/National_sports.html" [1]
2026-10-08 02:00:44 URL:https://avanthienggcollege.ac.in/Cyber_crime [121845] -> "avanthienggcollege.ac.in/Cyber_crime.html" [1]
2026-10-08 02:00:44 URL:https://avanthienggcollege.ac.in/btech_1st [123888] -> "avanthienggcollege.ac.in/btech_1st.html" [1]
2026-10-08 02:00:44 URL:https://avanthienggcollege.ac.in/Yogandhra_Event [122837] -> "avanthienggcollege.ac.in/Yogandhra_Event.html" [1]
2026-10-08 02:00:45 URL:https://avanthienggcollege.ac.in/NCC_Annual_Training [123414] -> "avanthienggcollege.ac.in/NCC_Annual_Training.html" [1]
2026-10-08 02:00:45 URL:https://avanthienggcollege.ac.in/NSS_NCC [121671] -> "avanthienggcollege.ac.in/NSS_NCC.html" [1]
2026-10-08 02:00:46 URL:https://avanthienggcollege.ac.in/Industry_connect2025 [124196] -> "avanthienggcollege.ac.in/Industry_connect2025.html" [1]
2026-10-08 02:00:46 URL:https://avanthienggcollege.ac.in/Tech_Vibe [127534] -> "avanthienggcollege.ac.in/Tech_Vibe.html" [1]
2026-10-08 02:00:47 URL:https://avanthienggcollege.ac.in/industry_connect [136507] -> "avanthienggcollege.ac.in/industry_connect.html" [1]
2026-10-08 02:00:47 URL:https://avanthienggcollege.ac.in/Traffic_Awareness [122229] -> "avanthienggcollege.ac.in/Traffic_Awareness.html" [1]
2026-10-08 02:00:47 URL:https://avanthienggcollege.ac.in/womens_day [121967] -> "avanthienggcollege.ac.in/womens_day.html" [1]
2026-10-08 02:00:48 URL:https://avanthienggcollege.ac.in/stress_management [122732] -> "avanthienggcollege.ac.in/stress_management.html" [1]
2026-10-08 02:00:48 URL:https://avanthienggcollege.ac.in/synergy_2025 [134921] -> "avanthienggcollege.ac.in/synergy_2025.html" [1]
2026-10-08 02:00:51 URL:https://avanthienggcollege.ac.in/ [319969] -> "avanthienggcollege.ac.in/index.html" [1]
2026-10-08 02:00:51 URL:https://avanthienggcollege.ac.in/iqac_objectives [119305] -> "avanthienggcollege.ac.in/iqac_objectives.html" [1]
2026-10-08 02:00:52 URL:https://avanthienggcollege.ac.in/iqac_roles [119878] -> "avanthienggcollege.ac.in/iqac_roles.html" [1]
2026-10-08 02:00:52 URL:https://avanthienggcollege.ac.in/iqac_functions [120454] -> "avanthienggcollege.ac.in/iqac_functions.html" [1]
2026-10-08 02:00:53 URL:https://avanthienggcollege.ac.in/iqac_composition [124135] -> "avanthienggcollege.ac.in/iqac_composition.html" [1]
2026-10-08 02:00:53 URL:https://avanthienggcollege.ac.in/iqac_aqar_reports [119884] -> "avanthienggcollege.ac.in/iqac_aqar_reports.html" [1]
2026-10-08 02:00:54 URL:https://avanthienggcollege.ac.in/iqac_mom [119818] -> "avanthienggcollege.ac.in/iqac_mom.html" [1]
2026-10-08 02:00:54 URL:https://avanthienggcollege.ac.in/iqac_institutional_distinctiveness [117399] -> "avanthienggcollege.ac.in/iqac_institutional_distinctiveness.html" [1]
2026-10-08 02:00:54 URL:https://avanthienggcollege.ac.in/iqac_academic_administrative [120134] -> "avanthienggcollege.ac.in/iqac_academic_administrative.html" [1]
2026-10-08 02:00:55 URL:https://avanthienggcollege.ac.in/iqac_annual_reports [117369] -> "avanthienggcollege.ac.in/iqac_annual_reports.html" [1]
2026-10-08 02:00:55 URL:https://avanthienggcollege.ac.in/iqac_institutional_values [117381] -> "avanthienggcollege.ac.in/iqac_institutional_values.html" [1]
2026-10-08 02:00:56 URL:https://avanthienggcollege.ac.in/iqac_student_satisfaction [119899] -> "avanthienggcollege.ac.in/iqac_student_satisfaction.html" [1]
2026-10-08 02:00:56 URL:https://avanthienggcollege.ac.in/iqac_quality_assurance [118715] -> "avanthienggcollege.ac.in/iqac_quality_assurance.html" [1]
2026-10-08 02:00:57 URL:https://avanthienggcollege.ac.in/iqac_feedback_analysis [118732] -> "avanthienggcollege.ac.in/iqac_feedback_analysis.html" [1]
2026-10-08 02:00:57 URL:https://avanthienggcollege.ac.in/iqac_reports [131229] -> "avanthienggcollege.ac.in/iqac_reports.html" [1]
2026-10-08 02:00:57 URL:https://avanthienggcollege.ac.in/college_academic_committee [138274] -> "avanthienggcollege.ac.in/college_academic_committee.html" [1]
2026-10-08 02:00:58 URL:https://avanthienggcollege.ac.in/time_table_committee [142816] -> "avanthienggcollege.ac.in/time_table_committee.html" [1]
2026-10-08 02:00:58 URL:https://avanthienggcollege.ac.in/iqac_committee [127596] -> "avanthienggcollege.ac.in/iqac_committee.html" [1]
2026-10-08 02:00:59 URL:https://avanthienggcollege.ac.in/examination_committee [143301] -> "avanthienggcollege.ac.in/examination_committee.html" [1]
2026-10-08 02:00:59 URL:https://avanthienggcollege.ac.in/academicaudit_committee [142776] -> "avanthienggcollege.ac.in/academicaudit_committee.html" [1]
2026-10-08 02:01:00 URL:https://avanthienggcollege.ac.in/r_and_d_committee [145024] -> "avanthienggcollege.ac.in/r_and_d_committee.html" [1]
2026-10-08 02:01:00 URL:https://avanthienggcollege.ac.in/finance_committee [131034] -> "avanthienggcollege.ac.in/finance_committee.html" [1]
2026-10-08 02:01:01 URL:https://avanthienggcollege.ac.in/purchase_committee [143709] -> "avanthienggcollege.ac.in/purchase_committee.html" [1]
2026-10-08 02:01:01 URL:https://avanthienggcollege.ac.in/equipment_maintainance__committee [143584] -> "avanthienggcollege.ac.in/equipment_maintainance__committee.html" [1]
2026-10-08 02:01:02 URL:https://avanthienggcollege.ac.in/greivance_redressal_committee [144143] -> "avanthienggcollege.ac.in/greivance_redressal_committee.html" [1]
2026-10-08 02:01:02 URL:https://avanthienggcollege.ac.in/sc_st_greivance_committee [126662] -> "avanthienggcollege.ac.in/sc_st_greivance_committee.html" [1]
2026-10-08 02:01:02 URL:https://avanthienggcollege.ac.in/antiragging_committee [127834] -> "avanthienggcollege.ac.in/antiragging_committee.html" [1]
2026-10-08 02:01:03 URL:https://avanthienggcollege.ac.in/internal_complaints_committe [128413] -> "avanthienggcollege.ac.in/internal_complaints_committe.html" [1]
2026-10-08 02:01:03 URL:https://avanthienggcollege.ac.in/faculty_and_staff_grievanceredressal_committee [127507] -> "avanthienggcollege.ac.in/faculty_and_staff_grievanceredressal_committee.html" [1]
2026-10-08 02:01:04 URL:https://avanthienggcollege.ac.in/rti_committee [143027] -> "avanthienggcollege.ac.in/rti_committee.html" [1]
2026-10-08 02:01:04 URL:https://avanthienggcollege.ac.in/library_maintenance_committee [144867] -> "avanthienggcollege.ac.in/library_maintenance_committee.html" [1]
2026-10-08 02:01:05 URL:https://avanthienggcollege.ac.in/transport_maintainance_committee [127582] -> "avanthienggcollege.ac.in/transport_maintainance_committee.html" [1]
2026-10-08 02:01:05 URL:https://avanthienggcollege.ac.in/hostel_maintenance_committee [125286] -> "avanthienggcollege.ac.in/hostel_maintenance_committee.html" [1]
2026-10-08 02:01:06 URL:https://avanthienggcollege.ac.in/canteen_maintenance_committee [124992] -> "avanthienggcollege.ac.in/canteen_maintenance_committee.html" [1]
2026-10-08 02:01:06 URL:https://avanthienggcollege.ac.in/fireandsafety_committee [126515] -> "avanthienggcollege.ac.in/fireandsafety_committee.html" [1]
2026-10-08 02:01:06 URL:https://avanthienggcollege.ac.in/p_n_t_committee [145350] -> "avanthienggcollege.ac.in/p_n_t_committee.html" [1]
2026-10-08 02:01:07 URL:https://avanthienggcollege.ac.in/sports_committee [129340] -> "avanthienggcollege.ac.in/sports_committee.html" [1]
2026-10-08 02:01:07 URL:https://avanthienggcollege.ac.in/cultural_committee [143535] -> "avanthienggcollege.ac.in/cultural_committee.html" [1]
2026-10-08 02:01:08 URL:https://avanthienggcollege.ac.in/newsletter_committee [143074] -> "avanthienggcollege.ac.in/newsletter_committee.html" [1]
2026-10-08 02:01:08 URL:https://avanthienggcollege.ac.in/NSS_NCC1 [130488] -> "avanthienggcollege.ac.in/NSS_NCC1.html" [1]
2026-10-08 02:01:09 URL:https://avanthienggcollege.ac.in/admission_committee [130685] -> "avanthienggcollege.ac.in/admission_committee.html" [1]
2026-10-08 02:01:09 URL:https://avanthienggcollege.ac.in/alumini_committee [143906] -> "avanthienggcollege.ac.in/alumini_committee.html" [1]
https://avanthienggcollege.ac.in/assets/images/gallery/ELECTRICALMACHINESLABOUTjpeg:
2026-10-08 02:01:09 ERROR 404: Not Found.
https://avanthienggcollege.ac.in/assets/images/gallery/ROPLANTINjpg:
2026-10-08 02:01:10 ERROR 404: Not Found.
https://avanthienggcollege.ac.in/assets/images/gallery/RECEPTIONjpg:
2026-10-08 02:01:11 ERROR 404: Not Found.
2026-10-08 02:01:13 URL:https://avanthienggcollege.ac.in/capacityenhancement_2021_22 [123376] -> "avanthienggcollege.ac.in/capacityenhancement_2021_22.html" [1]
2026-10-08 02:01:14 URL:https://avanthienggcollege.ac.in/capacityenhancement_2020_21 [124075] -> "avanthienggcollege.ac.in/capacityenhancement_2020_21.html" [1]
2026-10-08 02:01:14 URL:https://avanthienggcollege.ac.in/capacityenhancement_2019_20 [123351] -> "avanthienggcollege.ac.in/capacityenhancement_2019_20.html" [1]
2026-10-08 02:01:15 URL:https://avanthienggcollege.ac.in/capacityenhancement_2018_19 [123400] -> "avanthienggcollege.ac.in/capacityenhancement_2018_19.html" [1]
2026-10-08 02:01:15 URL:https://avanthienggcollege.ac.in/capacityenhancement_2017_18 [124348] -> "avanthienggcollege.ac.in/capacityenhancement_2017_18.html" [1]
2026-10-08 02:01:16 URL:https://avanthienggcollege.ac.in/StudentExperimentalLearning_2023 [186361] -> "avanthienggcollege.ac.in/StudentExperimentalLearning_2023.html" [1]
https://avanthienggcollege.ac.in/StudentExperimentalLearning_2021:
2026-10-08 02:01:16 ERROR 404: Not Found.
2026-10-08 02:01:17 URL:https://avanthienggcollege.ac.in/StudentExperimentalLearning_2020 [283373] -> "avanthienggcollege.ac.in/StudentExperimentalLearning_2020.html" [1]
2026-10-08 02:01:17 URL:https://avanthienggcollege.ac.in/studentexperimentallearning_2019 [304844] -> "avanthienggcollege.ac.in/studentexperimentallearning_2019.html" [1]
2026-10-08 02:01:18 URL:https://avanthienggcollege.ac.in/studentexperimentallearning_2018 [335083] -> "avanthienggcollege.ac.in/studentexperimentallearning_2018.html" [1]
2026-10-08 02:01:18 URL:https://avanthienggcollege.ac.in/studentexperimentallearning_2017 [303309] -> "avanthienggcollege.ac.in/studentexperimentallearning_2017.html" [1]
2026-10-08 02:01:18 URL:https://avanthienggcollege.ac.in/StudentG_Guidelines [118757] -> "avanthienggcollege.ac.in/StudentG_Guidelines.html" [1]
2026-10-08 02:01:19 URL:https://avanthienggcollege.ac.in/StudentG_Committee [118713] -> "avanthienggcollege.ac.in/StudentG_Committee.html" [1]
2026-10-08 02:01:19 URL:https://avanthienggcollege.ac.in/StudentG_Mom17_18 [118751] -> "avanthienggcollege.ac.in/StudentG_Mom17_18.html" [1]
2026-10-08 02:01:20 URL:https://avanthienggcollege.ac.in/StudentG_Mom18_19 [118751] -> "avanthienggcollege.ac.in/StudentG_Mom18_19.html" [1]
2026-10-08 02:01:20 URL:https://avanthienggcollege.ac.in/StudentG_Mom19_20 [118751] -> "avanthienggcollege.ac.in/StudentG_Mom19_20.html" [1]
2026-10-08 02:01:21 URL:https://avanthienggcollege.ac.in/StudentG_Mom20_21 [118751] -> "avanthienggcollege.ac.in/StudentG_Mom20_21.html" [1]
2026-10-08 02:01:21 URL:https://avanthienggcollege.ac.in/StudentG_Mom21_22 [118751] -> "avanthienggcollege.ac.in/StudentG_Mom21_22.html" [1]
2026-10-08 02:01:21 URL:https://avanthienggcollege.ac.in/FacultyG_Guidelines [118753] -> "avanthienggcollege.ac.in/FacultyG_Guidelines.html" [1]
2026-10-08 02:01:22 URL:https://avanthienggcollege.ac.in/FacultyG_Committee [118710] -> "avanthienggcollege.ac.in/FacultyG_Committee.html" [1]
2026-10-08 02:01:22 URL:https://avanthienggcollege.ac.in/FacultyG_Mom17_18 [118751] -> "avanthienggcollege.ac.in/FacultyG_Mom17_18.html" [1]
2026-10-08 02:01:23 URL:https://avanthienggcollege.ac.in/FacultyG_Mom18_19 [118751] -> "avanthienggcollege.ac.in/FacultyG_Mom18_19.html" [1]
2026-10-08 02:01:23 URL:https://avanthienggcollege.ac.in/FacultyG_Mom19_20 [118751] -> "avanthienggcollege.ac.in/FacultyG_Mom19_20.html" [1]
2026-10-08 02:01:23 URL:https://avanthienggcollege.ac.in/FacultyG_Mom20_21 [118751] -> "avanthienggcollege.ac.in/FacultyG_Mom20_21.html" [1]
2026-10-08 02:01:24 URL:https://avanthienggcollege.ac.in/FacultyG_Mom21_22 [118751] -> "avanthienggcollege.ac.in/FacultyG_Mom21_22.html" [1]
2026-10-08 02:01:24 URL:https://avanthienggcollege.ac.in/Anti_ragging_Guidelines [118781] -> "avanthienggcollege.ac.in/Anti_ragging_Guidelines.html" [1]
2026-10-08 02:01:25 URL:https://avanthienggcollege.ac.in/Anti_ragging_Committee [118735] -> "avanthienggcollege.ac.in/Anti_ragging_Committee.html" [1]
2026-10-08 02:01:25 URL:https://avanthienggcollege.ac.in/Anti_ragging_Mom17_18 [118783] -> "avanthienggcollege.ac.in/Anti_ragging_Mom17_18.html" [1]
2026-10-08 02:01:25 URL:https://avanthienggcollege.ac.in/Anti_ragging_Mom18_19 [118784] -> "avanthienggcollege.ac.in/Anti_ragging_Mom18_19.html" [1]
2026-10-08 02:01:26 URL:https://avanthienggcollege.ac.in/Anti_ragging_Mom19_20 [118783] -> "avanthienggcollege.ac.in/Anti_ragging_Mom19_20.html" [1]
2026-10-08 02:01:26 URL:https://avanthienggcollege.ac.in/Anti_ragging_Mom20_21 [118783] -> "avanthienggcollege.ac.in/Anti_ragging_Mom20_21.html" [1]
2026-10-08 02:01:27 URL:https://avanthienggcollege.ac.in/Anti_ragging_Mom21_22 [118783] -> "avanthienggcollege.ac.in/Anti_ragging_Mom21_22.html" [1]
2026-10-08 02:01:27 URL:https://avanthienggcollege.ac.in/ICC_Guidelies [118726] -> "avanthienggcollege.ac.in/ICC_Guidelies.html" [1]
2026-10-08 02:01:28 URL:https://avanthienggcollege.ac.in/ICC_Committee [118683] -> "avanthienggcollege.ac.in/ICC_Committee.html" [1]
2026-10-08 02:01:28 URL:https://avanthienggcollege.ac.in/ICC_Mom17_18 [118724] -> "avanthienggcollege.ac.in/ICC_Mom17_18.html" [1]
2026-10-08 02:01:29 URL:https://avanthienggcollege.ac.in/ICC_Mom18_19 [118724] -> "avanthienggcollege.ac.in/ICC_Mom18_19.html" [1]
2026-10-08 02:01:29 URL:https://avanthienggcollege.ac.in/ICC_Mom19_20 [118724] -> "avanthienggcollege.ac.in/ICC_Mom19_20.html" [1]
2026-10-08 02:01:29 URL:https://avanthienggcollege.ac.in/ICC_Mom20_21 [118724] -> "avanthienggcollege.ac.in/ICC_Mom20_21.html" [1]
2026-10-08 02:01:30 URL:https://avanthienggcollege.ac.in/ICC_Mom21_22 [118724] -> "avanthienggcollege.ac.in/ICC_Mom21_22.html" [1]
2026-10-08 02:01:30 URL:https://avanthienggcollege.ac.in/work_shops [138085] -> "avanthienggcollege.ac.in/work_shops.html" [1]
2026-10-08 02:01:31 URL:https://avanthienggcollege.ac.in/assets/events/d/4 [108307/108307] -> "avanthienggcollege.ac.in/assets/events/d/4.html" [1]
2026-10-08 02:01:31 URL:https://avanthienggcollege.ac.in/assets/events/d/1 [172945/172945] -> "avanthienggcollege.ac.in/assets/events/d/1.html" [1]
2026-10-08 02:01:31 URL:https://avanthienggcollege.ac.in/assets/events/d/2 [136277/136277] -> "avanthienggcollege.ac.in/assets/events/d/2.html" [1]
2026-10-08 02:01:32 URL:https://avanthienggcollege.ac.in/assets/events/d/3 [130416/130416] -> "avanthienggcollege.ac.in/assets/events/d/3.html" [1]
2026-10-08 02:01:32 URL:https://avanthienggcollege.ac.in/assets/events/c/KrishnaChaitanya_photos.jfif [262670/262670] -> "avanthienggcollege.ac.in/assets/events/c/KrishnaChaitanya_photos.jfif" [1]
2026-10-08 02:01:33 URL:https://avanthienggcollege.ac.in/assets/events/c/Vallabha_photos.jfif [216233/216233] -> "avanthienggcollege.ac.in/assets/events/c/Vallabha_photos.jfif" [1]
2026-10-08 02:01:33 URL:https://avanthienggcollege.ac.in/assets/events/c/Vasu_kishore_photos.jfif [242218/242218] -> "avanthienggcollege.ac.in/assets/events/c/Vasu_kishore_photos.jfif" [1]
2026-10-08 02:01:33 URL:https://avanthienggcollege.ac.in/assets/events/c/Vasu_kishore_photos_1.jfif [231892/231892] -> "avanthienggcollege.ac.in/assets/events/c/Vasu_kishore_photos_1.jfif" [1]
2026-10-08 02:01:34 URL:https://avanthienggcollege.ac.in/assets/events/c/MadhuReddy_photos.jfif [129938/129938] -> "avanthienggcollege.ac.in/assets/events/c/MadhuReddy_photos.jfif" [1]
2026-10-08 02:01:34 URL:https://avanthienggcollege.ac.in/assets/events/c/Ramulu_photos.jfif [124344/124344] -> "avanthienggcollege.ac.in/assets/events/c/Ramulu_photos.jfif" [1]
2026-10-08 02:01:35 URL:https://avanthienggcollege.ac.in/assets/events/c/Ramulu_photos_1.jfif [121038/121038] -> "avanthienggcollege.ac.in/assets/events/c/Ramulu_photos_1.jfif" [1]
2026-10-08 02:01:35 URL:https://avanthienggcollege.ac.in/assets/events/c/Charankuppili_photos.jfif [118663/118663] -> "avanthienggcollege.ac.in/assets/events/c/Charankuppili_photos.jfif" [1]
2026-10-08 02:01:35 URL:https://avanthienggcollege.ac.in/assets/events/c/Charankuppili_photos_1.jfif [143956/143956] -> "avanthienggcollege.ac.in/assets/events/c/Charankuppili_photos_1.jfif" [1]
2026-10-08 02:01:36 URL:https://avanthienggcollege.ac.in/assets/events/c/Charankuppili_photos_2.jfif [116347/116347] -> "avanthienggcollege.ac.in/assets/events/c/Charankuppili_photos_2.jfif" [1]
2026-10-08 02:01:36 URL:https://avanthienggcollege.ac.in/assets/events/c/Charankuppili_photos_3.jfif [106473/106473] -> "avanthienggcollege.ac.in/assets/events/c/Charankuppili_photos_3.jfif" [1]
2026-10-08 02:01:37 URL:https://avanthienggcollege.ac.in/assets/events/c/Sastry_photos.jfif [163198/163198] -> "avanthienggcollege.ac.in/assets/events/c/Sastry_photos.jfif" [1]
2026-10-08 02:01:37 URL:https://avanthienggcollege.ac.in/assets/events/c/prakash_photos.jfif [206639/206639] -> "avanthienggcollege.ac.in/assets/events/c/prakash_photos.jfif" [1]
2026-10-08 02:01:37 URL:https://avanthienggcollege.ac.in/assets/events/c/prakash_photos_1.jfif [366099/366099] -> "avanthienggcollege.ac.in/assets/events/c/prakash_photos_1.jfif" [1]
2026-10-08 02:01:38 URL:https://avanthienggcollege.ac.in/college_academic_committee?section=about&about_tab=functions [138274] -> "avanthienggcollege.ac.in/college_academic_committee?section=about&about_tab=functions.html" [1]
2026-10-08 02:01:38 URL:https://avanthienggcollege.ac.in/college_academic_committee?section=facilities [136011] -> "avanthienggcollege.ac.in/college_academic_committee?section=facilities.html" [1]
2026-10-08 02:01:39 URL:https://avanthienggcollege.ac.in/college_academic_committee?section=committee_members [141069] -> "avanthienggcollege.ac.in/college_academic_committee?section=committee_members.html" [1]
2026-10-08 02:01:39 URL:https://avanthienggcollege.ac.in/college_academic_committee?section=year_planner [136017] -> "avanthienggcollege.ac.in/college_academic_committee?section=year_planner.html" [1]
2026-10-08 02:01:40 URL:https://avanthienggcollege.ac.in/college_academic_committee?section=minutes_of_meeting [137748] -> "avanthienggcollege.ac.in/college_academic_committee?section=minutes_of_meeting.html" [1]
2026-10-08 02:01:40 URL:https://avanthienggcollege.ac.in/college_academic_committee?section=about&about_tab=roles [139606] -> "avanthienggcollege.ac.in/college_academic_committee?section=about&about_tab=roles.html" [1]
2026-10-08 02:01:40 URL:https://avanthienggcollege.ac.in/time_table_committee?section=about&about_tab=functions [142816] -> "avanthienggcollege.ac.in/time_table_committee?section=about&about_tab=functions.html" [1]
2026-10-08 02:01:41 URL:https://avanthienggcollege.ac.in/time_table_committee?section=facilities [141893] -> "avanthienggcollege.ac.in/time_table_committee?section=facilities.html" [1]
2026-10-08 02:01:41 URL:https://avanthienggcollege.ac.in/time_table_committee?section=committee_members [145357] -> "avanthienggcollege.ac.in/time_table_committee?section=committee_members.html" [1]
2026-10-08 02:01:42 URL:https://avanthienggcollege.ac.in/time_table_committee?section=year_planner [141897] -> "avanthienggcollege.ac.in/time_table_committee?section=year_planner.html" [1]
2026-10-08 02:01:42 URL:https://avanthienggcollege.ac.in/time_table_committee?section=time_table [141893] -> "avanthienggcollege.ac.in/time_table_committee?section=time_table.html" [1]
2026-10-08 02:01:42 URL:https://avanthienggcollege.ac.in/time_table_committee?section=centeral_facilities [141910] -> "avanthienggcollege.ac.in/time_table_committee?section=centeral_facilities.html" [1]
2026-10-08 02:01:43 URL:https://avanthienggcollege.ac.in/time_table_committee?section=about&about_tab=roles [142952] -> "avanthienggcollege.ac.in/time_table_committee?section=about&about_tab=roles.html" [1]
2026-10-08 02:01:43 URL:https://avanthienggcollege.ac.in/iqac_committee?section=about&about_tab=functions [127596] -> "avanthienggcollege.ac.in/iqac_committee?section=about&about_tab=functions.html" [1]
2026-10-08 02:01:44 URL:https://avanthienggcollege.ac.in/iqac_committee?section=facilities [126118] -> "avanthienggcollege.ac.in/iqac_committee?section=facilities.html" [1]
2026-10-08 02:01:44 URL:https://avanthienggcollege.ac.in/iqac_committee?section=committee_members [128720] -> "avanthienggcollege.ac.in/iqac_committee?section=committee_members.html" [1]
2026-10-08 02:01:45 URL:https://avanthienggcollege.ac.in/iqac_committee?section=year_planner [126122] -> "avanthienggcollege.ac.in/iqac_committee?section=year_planner.html" [1]
2026-10-08 02:01:45 URL:https://avanthienggcollege.ac.in/iqac_committee?section=feedback&feedback_tab=sss [126455] -> "avanthienggcollege.ac.in/iqac_committee?section=feedback&feedback_tab=sss.html" [1]
2026-10-08 02:01:45 URL:https://avanthienggcollege.ac.in/iqac_committee?section=initiatives [126740] -> "avanthienggcollege.ac.in/iqac_committee?section=initiatives.html" [1]
2026-10-08 02:01:46 URL:https://avanthienggcollege.ac.in/iqac_committee?section=aqar [148680] -> "avanthienggcollege.ac.in/iqac_committee?section=aqar.html" [1]
2026-10-08 02:01:46 URL:https://avanthienggcollege.ac.in/iqac_committee?section=audits [127072] -> "avanthienggcollege.ac.in/iqac_committee?section=audits.html" [1]
2026-10-08 02:01:47 URL:https://avanthienggcollege.ac.in/iqac_committee?section=minutes [126768] -> "avanthienggcollege.ac.in/iqac_committee?section=minutes.html" [1]
2026-10-08 02:01:47 URL:https://avanthienggcollege.ac.in/iqac_committee?section=accreditation&accreditation_tab=naac_nba [126395] -> "avanthienggcollege.ac.in/iqac_committee?section=accreditation&accreditation_tab=naac_nba.html" [1]
2026-10-08 02:01:47 URL:https://avanthienggcollege.ac.in/iqac_committee?section=gallery [126290] -> "avanthienggcollege.ac.in/iqac_committee?section=gallery.html" [1]
2026-10-08 02:01:48 URL:https://avanthienggcollege.ac.in/iqac_committee?section=training [127634] -> "avanthienggcollege.ac.in/iqac_committee?section=training.html" [1]
2026-10-08 02:01:48 URL:https://avanthienggcollege.ac.in/iqac_committee?section=about&about_tab=roles [127096] -> "avanthienggcollege.ac.in/iqac_committee?section=about&about_tab=roles.html" [1]
2026-10-08 02:01:49 URL:https://avanthienggcollege.ac.in/examination_committee?section=about&about_tab=functions [143301] -> "avanthienggcollege.ac.in/examination_committee?section=about&about_tab=functions.html" [1]
2026-10-08 02:01:49 URL:https://avanthienggcollege.ac.in/examination_committee?section=facilities [142099] -> "avanthienggcollege.ac.in/examination_committee?section=facilities.html" [1]
2026-10-08 02:01:50 URL:https://avanthienggcollege.ac.in/examination_committee?section=committee_members [146299] -> "avanthienggcollege.ac.in/examination_committee?section=committee_members.html" [1]
2026-10-08 02:01:50 URL:https://avanthienggcollege.ac.in/examination_committee?section=year_planner [142103] -> "avanthienggcollege.ac.in/examination_committee?section=year_planner.html" [1]
2026-10-08 02:01:50 URL:https://avanthienggcollege.ac.in/examination_committee?section=circular [143399] -> "avanthienggcollege.ac.in/examination_committee?section=circular.html" [1]
2026-10-08 02:01:51 URL:https://avanthienggcollege.ac.in/examination_committee?section=results [143393] -> "avanthienggcollege.ac.in/examination_committee?section=results.html" [1]
2026-10-08 02:01:51 URL:https://avanthienggcollege.ac.in/examination_committee?section=roll_of_honour [143435] -> "avanthienggcollege.ac.in/examination_committee?section=roll_of_honour.html" [1]
2026-10-08 02:01:52 URL:https://avanthienggcollege.ac.in/examination_committee?section=exam_cell_grievances [143471] -> "avanthienggcollege.ac.in/examination_committee?section=exam_cell_grievances.html" [1]
2026-10-08 02:01:52 URL:https://avanthienggcollege.ac.in/examination_committee?section=about&about_tab=roles [143597] -> "avanthienggcollege.ac.in/examination_committee?section=about&about_tab=roles.html" [1]
2026-10-08 02:01:52 URL:https://avanthienggcollege.ac.in/academicaudit_committee?section=about&about_tab=functions [142776] -> "avanthienggcollege.ac.in/academicaudit_committee?section=about&about_tab=functions.html" [1]
2026-10-08 02:01:53 URL:https://avanthienggcollege.ac.in/academicaudit_committee?section=facilities [141545] -> "avanthienggcollege.ac.in/academicaudit_committee?section=facilities.html" [1]
2026-10-08 02:01:53 URL:https://avanthienggcollege.ac.in/academicaudit_committee?section=committee_members [144999] -> "avanthienggcollege.ac.in/academicaudit_committee?section=committee_members.html" [1]
2026-10-08 02:01:54 URL:https://avanthienggcollege.ac.in/academicaudit_committee?section=year_planner [141549] -> "avanthienggcollege.ac.in/academicaudit_committee?section=year_planner.html" [1]
2026-10-08 02:01:54 URL:https://avanthienggcollege.ac.in/academicaudit_committee?section=audit [142943] -> "avanthienggcollege.ac.in/academicaudit_committee?section=audit.html" [1]
2026-10-08 02:01:54 URL:https://avanthienggcollege.ac.in/academicaudit_committee?section=about&about_tab=roles [142776] -> "avanthienggcollege.ac.in/academicaudit_committee?section=about&about_tab=roles.html" [1]
2026-10-08 02:01:55 URL:https://avanthienggcollege.ac.in/r_and_d_committee?section=about&about_tab=functions [145024] -> "avanthienggcollege.ac.in/r_and_d_committee?section=about&about_tab=functions.html" [1]
2026-10-08 02:01:57 URL:https://avanthienggcollege.ac.in/r_and_d_committee?section=facilities [147195] -> "avanthienggcollege.ac.in/r_and_d_committee?section=facilities.html" [1]
2026-10-08 02:01:57 URL:https://avanthienggcollege.ac.in/r_and_d_committee?section=committee_members [159228] -> "avanthienggcollege.ac.in/r_and_d_committee?section=committee_members.html" [1]
2026-10-08 02:01:58 URL:https://avanthienggcollege.ac.in/r_and_d_committee?section=year_planner [141931] -> "avanthienggcollege.ac.in/r_and_d_committee?section=year_planner.html" [1]
2026-10-08 02:01:58 URL:https://avanthienggcollege.ac.in/r_and_d_committee?section=publications [143181] -> "avanthienggcollege.ac.in/r_and_d_committee?section=publications.html" [1]
2026-10-08 02:01:59 URL:https://avanthienggcollege.ac.in/r_and_d_committee?section=patents [155529] -> "avanthienggcollege.ac.in/r_and_d_committee?section=patents.html" [1]
2026-10-08 02:01:59 URL:https://avanthienggcollege.ac.in/r_and_d_committee?section=faculty_pursuing_phd [145810] -> "avanthienggcollege.ac.in/r_and_d_committee?section=faculty_pursuing_phd.html" [1]
2026-10-08 02:01:59 URL:https://avanthienggcollege.ac.in/r_and_d_committee?section=events [144767] -> "avanthienggcollege.ac.in/r_and_d_committee?section=events.html" [1]
2026-10-08 02:02:00 URL:https://avanthienggcollege.ac.in/r_and_d_committee?section=gallery [141916] -> "avanthienggcollege.ac.in/r_and_d_committee?section=gallery.html" [1]
2026-10-08 02:02:00 URL:https://avanthienggcollege.ac.in/r_and_d_committee?section=funds [143120] -> "avanthienggcollege.ac.in/r_and_d_committee?section=funds.html" [1]
2026-10-08 02:02:01 URL:https://avanthienggcollege.ac.in/r_and_d_committee?section=about&about_tab=roles [155920] -> "avanthienggcollege.ac.in/r_and_d_committee?section=about&about_tab=roles.html" [1]
2026-10-08 02:02:01 URL:https://avanthienggcollege.ac.in/r_and_d_committee?section=about&about_tab=policy [143997] -> "avanthienggcollege.ac.in/r_and_d_committee?section=about&about_tab=policy.html" [1]
2026-10-08 02:02:02 URL:https://avanthienggcollege.ac.in/finance_committee?section=about&about_tab=functions [131034] -> "avanthienggcollege.ac.in/finance_committee?section=about&about_tab=functions.html" [1]
2026-10-08 02:02:02 URL:https://avanthienggcollege.ac.in/finance_committee?section=committee_members [132129] -> "avanthienggcollege.ac.in/finance_committee?section=committee_members.html" [1]
2026-10-08 02:02:03 URL:https://avanthienggcollege.ac.in/finance_committee?section=year_planner [129038] -> "avanthienggcollege.ac.in/finance_committee?section=year_planner.html" [1]
2026-10-08 02:02:03 URL:https://avanthienggcollege.ac.in/finance_committee?section=year_budgeting [131969] -> "avanthienggcollege.ac.in/finance_committee?section=year_budgeting.html" [1]
2026-10-08 02:02:04 URL:https://avanthienggcollege.ac.in/finance_committee?section=audit_statement [131906] -> "avanthienggcollege.ac.in/finance_committee?section=audit_statement.html" [1]
2026-10-08 02:02:04 URL:https://avanthienggcollege.ac.in/finance_committee?section=about&about_tab=roles [132735] -> "avanthienggcollege.ac.in/finance_committee?section=about&about_tab=roles.html" [1]
2026-10-08 02:02:04 URL:https://avanthienggcollege.ac.in/purchase_committee?section=about&about_tab=functions [143709] -> "avanthienggcollege.ac.in/purchase_committee?section=about&about_tab=functions.html" [1]
2026-10-08 02:02:05 URL:https://avanthienggcollege.ac.in/purchase_committee?section=facilities [141246] -> "avanthienggcollege.ac.in/purchase_committee?section=facilities.html" [1]
2026-10-08 02:02:05 URL:https://avanthienggcollege.ac.in/purchase_committee?section=committee_members [144481] -> "avanthienggcollege.ac.in/purchase_committee?section=committee_members.html" [1]
2026-10-08 02:02:06 URL:https://avanthienggcollege.ac.in/purchase_committee?section=year_planner [141250] -> "avanthienggcollege.ac.in/purchase_committee?section=year_planner.html" [1]
2026-10-08 02:02:06 URL:https://avanthienggcollege.ac.in/purchase_committee?section=about&about_tab=roles [143709] -> "avanthienggcollege.ac.in/purchase_committee?section=about&about_tab=roles.html" [1]
2026-10-08 02:02:07 URL:https://avanthienggcollege.ac.in/equipment_maintainance__committee?section=about&about_tab=functions [143584] -> "avanthienggcollege.ac.in/equipment_maintainance__committee?section=about&about_tab=functions.html" [1]
2026-10-08 02:02:07 URL:https://avanthienggcollege.ac.in/equipment_maintainance__committee?section=facilities [142965] -> "avanthienggcollege.ac.in/equipment_maintainance__committee?section=facilities.html" [1]
2026-10-08 02:02:08 URL:https://avanthienggcollege.ac.in/equipment_maintainance__committee?section=committee_members [146751] -> "avanthienggcollege.ac.in/equipment_maintainance__committee?section=committee_members.html" [1]
2026-10-08 02:02:08 URL:https://avanthienggcollege.ac.in/equipment_maintainance__committee?section=year_planner [142969] -> "avanthienggcollege.ac.in/equipment_maintainance__committee?section=year_planner.html" [1]
2026-10-08 02:02:08 URL:https://avanthienggcollege.ac.in/equipment_maintainance__committee?section=annual_maintance_contract [142997] -> "avanthienggcollege.ac.in/equipment_maintainance__committee?section=annual_maintance_contract.html" [1]
2026-10-08 02:02:09 URL:https://avanthienggcollege.ac.in/equipment_maintainance__committee?section=ict_facilities [142973] -> "avanthienggcollege.ac.in/equipment_maintainance__committee?section=ict_facilities.html" [1]
2026-10-08 02:02:09 URL:https://avanthienggcollege.ac.in/equipment_maintainance__committee?section=laboraties [142967] -> "avanthienggcollege.ac.in/equipment_maintainance__committee?section=laboraties.html" [1]
2026-10-08 02:02:10 URL:https://avanthienggcollege.ac.in/equipment_maintainance__committee?section=e_content_development [142987] -> "avanthienggcollege.ac.in/equipment_maintainance__committee?section=e_content_development.html" [1]
2026-10-08 02:02:10 URL:https://avanthienggcollege.ac.in/equipment_maintainance__committee?section=internet_it_upgrade [142985] -> "avanthienggcollege.ac.in/equipment_maintainance__committee?section=internet_it_upgrade.html" [1]
2026-10-08 02:02:11 URL:https://avanthienggcollege.ac.in/equipment_maintainance__committee?section=about&about_tab=roles [144107] -> "avanthienggcollege.ac.in/equipment_maintainance__committee?section=about&about_tab=roles.html" [1]
2026-10-08 02:02:11 URL:https://avanthienggcollege.ac.in/greivance_redressal_committee?section=about&about_tab=functions [144143] -> "avanthienggcollege.ac.in/greivance_redressal_committee?section=about&about_tab=functions.html" [1]
2026-10-08 02:02:12 URL:https://avanthienggcollege.ac.in/greivance_redressal_committee?section=facilities [142494] -> "avanthienggcollege.ac.in/greivance_redressal_committee?section=facilities.html" [1]
2026-10-08 02:02:12 URL:https://avanthienggcollege.ac.in/greivance_redressal_committee?section=committee_members [146476] -> "avanthienggcollege.ac.in/greivance_redressal_committee?section=committee_members.html" [1]
2026-10-08 02:02:13 URL:https://avanthienggcollege.ac.in/greivance_redressal_committee?section=year_planner [142498] -> "avanthienggcollege.ac.in/greivance_redressal_committee?section=year_planner.html" [1]
2026-10-08 02:02:13 URL:https://avanthienggcollege.ac.in/greivance_redressal_committee?section=online_grievance [142506] -> "avanthienggcollege.ac.in/greivance_redressal_committee?section=online_grievance.html" [1]
2026-10-08 02:02:13 URL:https://avanthienggcollege.ac.in/greivance_redressal_committee?section=action_taken [143866] -> "avanthienggcollege.ac.in/greivance_redressal_committee?section=action_taken.html" [1]
2026-10-08 02:02:14 URL:https://avanthienggcollege.ac.in/greivance_redressal_committee?section=events [143830] -> "avanthienggcollege.ac.in/greivance_redressal_committee?section=events.html" [1]
2026-10-08 02:02:14 URL:https://avanthienggcollege.ac.in/greivance_redressal_committee?section=gallery [142488] -> "avanthienggcollege.ac.in/greivance_redressal_committee?section=gallery.html" [1]
2026-10-08 02:02:15 URL:https://avanthienggcollege.ac.in/greivance_redressal_committee?section=about&about_tab=roles [143775] -> "avanthienggcollege.ac.in/greivance_redressal_committee?section=about&about_tab=roles.html" [1]
2026-10-08 02:02:15 URL:https://avanthienggcollege.ac.in/sc_st_greivance_committee?section=about&about_tab=functions [126662] -> "avanthienggcollege.ac.in/sc_st_greivance_committee?section=about&about_tab=functions.html" [1]
2026-10-08 02:02:16 URL:https://avanthienggcollege.ac.in/sc_st_greivance_committee?section=facilities [126424] -> "avanthienggcollege.ac.in/sc_st_greivance_committee?section=facilities.html" [1]
2026-10-08 02:02:16 URL:https://avanthienggcollege.ac.in/sc_st_greivance_committee?section=committee_members [130272] -> "avanthienggcollege.ac.in/sc_st_greivance_committee?section=committee_members.html" [1]
2026-10-08 02:02:17 URL:https://avanthienggcollege.ac.in/sc_st_greivance_committee?section=year_planner [126426] -> "avanthienggcollege.ac.in/sc_st_greivance_committee?section=year_planner.html" [1]
2026-10-08 02:02:17 URL:https://avanthienggcollege.ac.in/sc_st_greivance_committee?section=scholarships [127402] -> "avanthienggcollege.ac.in/sc_st_greivance_committee?section=scholarships.html" [1]
2026-10-08 02:02:17 URL:https://avanthienggcollege.ac.in/sc_st_greivance_committee?section=freeships [127387] -> "avanthienggcollege.ac.in/sc_st_greivance_committee?section=freeships.html" [1]
2026-10-08 02:02:18 URL:https://avanthienggcollege.ac.in/sc_st_greivance_committee?section=gallery [126414] -> "avanthienggcollege.ac.in/sc_st_greivance_committee?section=gallery.html" [1]
2026-10-08 02:02:18 URL:https://avanthienggcollege.ac.in/sc_st_greivance_committee?section=training [127382] -> "avanthienggcollege.ac.in/sc_st_greivance_committee?section=training.html" [1]
2026-10-08 02:02:19 URL:https://avanthienggcollege.ac.in/sc_st_greivance_committee?section=about&about_tab=roles [129728] -> "avanthienggcollege.ac.in/sc_st_greivance_committee?section=about&about_tab=roles.html" [1]
2026-10-08 02:02:19 URL:https://avanthienggcollege.ac.in/antiragging_committee?section=about&about_tab=functions [127834] -> "avanthienggcollege.ac.in/antiragging_committee?section=about&about_tab=functions.html" [1]
2026-10-08 02:02:20 URL:https://avanthienggcollege.ac.in/antiragging_committee?section=facilities [126399] -> "avanthienggcollege.ac.in/antiragging_committee?section=facilities.html" [1]
2026-10-08 02:02:20 URL:https://avanthienggcollege.ac.in/antiragging_committee?section=committee_members [131679] -> "avanthienggcollege.ac.in/antiragging_committee?section=committee_members.html" [1]
2026-10-08 02:02:21 URL:https://avanthienggcollege.ac.in/antiragging_committee?section=year_planner [126401] -> "avanthienggcollege.ac.in/antiragging_committee?section=year_planner.html" [1]
2026-10-08 02:02:21 URL:https://avanthienggcollege.ac.in/antiragging_committee?section=squad_vigilance [127392] -> "avanthienggcollege.ac.in/antiragging_committee?section=squad_vigilance.html" [1]
2026-10-08 02:02:22 URL:https://avanthienggcollege.ac.in/antiragging_committee?section=gos [127332] -> "avanthienggcollege.ac.in/antiragging_committee?section=gos.html" [1]
2026-10-08 02:02:22 URL:https://avanthienggcollege.ac.in/antiragging_committee?section=events [127347] -> "avanthienggcollege.ac.in/antiragging_committee?section=events.html" [1]
2026-10-08 02:02:22 URL:https://avanthienggcollege.ac.in/antiragging_committee?section=gallery [126389] -> "avanthienggcollege.ac.in/antiragging_committee?section=gallery.html" [1]
2026-10-08 02:02:23 URL:https://avanthienggcollege.ac.in/antiragging_committee?section=about&about_tab=roles [127927] -> "avanthienggcollege.ac.in/antiragging_committee?section=about&about_tab=roles.html" [1]
2026-10-08 02:02:23 URL:https://avanthienggcollege.ac.in/internal_complaints_committe?section=about&about_tab=functions [128413] -> "avanthienggcollege.ac.in/internal_complaints_committe?section=about&about_tab=functions.html" [1]
2026-10-08 02:02:24 URL:https://avanthienggcollege.ac.in/internal_complaints_committe?section=facilities [126467] -> "avanthienggcollege.ac.in/internal_complaints_committe?section=facilities.html" [1]
2026-10-08 02:02:24 URL:https://avanthienggcollege.ac.in/internal_complaints_committe?section=committee_members [130319] -> "avanthienggcollege.ac.in/internal_complaints_committe?section=committee_members.html" [1]
2026-10-08 02:02:25 URL:https://avanthienggcollege.ac.in/internal_complaints_committe?section=year_planner [126469] -> "avanthienggcollege.ac.in/internal_complaints_committe?section=year_planner.html" [1]
2026-10-08 02:02:25 URL:https://avanthienggcollege.ac.in/internal_complaints_committe?section=events [127415] -> "avanthienggcollege.ac.in/internal_complaints_committe?section=events.html" [1]
2026-10-08 02:02:25 URL:https://avanthienggcollege.ac.in/internal_complaints_committe?section=cross_cutting_issues [127485] -> "avanthienggcollege.ac.in/internal_complaints_committe?section=cross_cutting_issues.html" [1]
2026-10-08 02:02:26 URL:https://avanthienggcollege.ac.in/internal_complaints_committe?section=action_taken [127445] -> "avanthienggcollege.ac.in/internal_complaints_committe?section=action_taken.html" [1]
2026-10-08 02:02:26 URL:https://avanthienggcollege.ac.in/internal_complaints_committe?section=gallery [126457] -> "avanthienggcollege.ac.in/internal_complaints_committe?section=gallery.html" [1]
2026-10-08 02:02:27 URL:https://avanthienggcollege.ac.in/internal_complaints_committe?section=about&about_tab=roles [128420] -> "avanthienggcollege.ac.in/internal_complaints_committe?section=about&about_tab=roles.html" [1]
2026-10-08 02:02:27 URL:https://avanthienggcollege.ac.in/faculty_and_staff_grievanceredressal_committee?section=about&about_tab=functions [127507] -> "avanthienggcollege.ac.in/faculty_and_staff_grievanceredressal_committee?section=about&about_tab=functions.html" [1]
2026-10-08 02:02:28 URL:https://avanthienggcollege.ac.in/faculty_and_staff_grievanceredressal_committee?section=facilities [126474] -> "avanthienggcollege.ac.in/faculty_and_staff_grievanceredressal_committee?section=facilities.html" [1]
2026-10-08 02:02:28 URL:https://avanthienggcollege.ac.in/faculty_and_staff_grievanceredressal_committee?section=committee_members [129032] -> "avanthienggcollege.ac.in/faculty_and_staff_grievanceredressal_committee?section=committee_members.html" [1]
2026-10-08 02:02:29 URL:https://avanthienggcollege.ac.in/faculty_and_staff_grievanceredressal_committee?section=year_planner [126476] -> "avanthienggcollege.ac.in/faculty_and_staff_grievanceredressal_committee?section=year_planner.html" [1]
2026-10-08 02:02:29 URL:https://avanthienggcollege.ac.in/faculty_and_staff_grievanceredressal_committee?section=events [127378] -> "avanthienggcollege.ac.in/faculty_and_staff_grievanceredressal_committee?section=events.html" [1]
2026-10-08 02:02:29 URL:https://avanthienggcollege.ac.in/faculty_and_staff_grievanceredressal_committee?section=grievance [127393] -> "avanthienggcollege.ac.in/faculty_and_staff_grievanceredressal_committee?section=grievance.html" [1]
2026-10-08 02:02:30 URL:https://avanthienggcollege.ac.in/faculty_and_staff_grievanceredressal_committee?section=action_taken [127408] -> "avanthienggcollege.ac.in/faculty_and_staff_grievanceredressal_committee?section=action_taken.html" [1]
2026-10-08 02:02:30 URL:https://avanthienggcollege.ac.in/faculty_and_staff_grievanceredressal_committee?section=about&about_tab=roles [128048] -> "avanthienggcollege.ac.in/faculty_and_staff_grievanceredressal_committee?section=about&about_tab=roles.html" [1]
2026-10-08 02:02:31 URL:https://avanthienggcollege.ac.in/rti_committee?section=about&about_tab=functions [143027] -> "avanthienggcollege.ac.in/rti_committee?section=about&about_tab=functions.html" [1]
2026-10-08 02:02:31 URL:https://avanthienggcollege.ac.in/rti_committee?section=facilities [142408] -> "avanthienggcollege.ac.in/rti_committee?section=facilities.html" [1]
2026-10-08 02:02:32 URL:https://avanthienggcollege.ac.in/rti_committee?section=committee_members [145557] -> "avanthienggcollege.ac.in/rti_committee?section=committee_members.html" [1]
2026-10-08 02:02:32 URL:https://avanthienggcollege.ac.in/rti_committee?section=year_planner [142412] -> "avanthienggcollege.ac.in/rti_committee?section=year_planner.html" [1]
2026-10-08 02:02:33 URL:https://avanthienggcollege.ac.in/rti_committee?section=squad_vigilance [143751] -> "avanthienggcollege.ac.in/rti_committee?section=squad_vigilance.html" [1]
2026-10-08 02:02:33 URL:https://avanthienggcollege.ac.in/rti_committee?section=gos [143678] -> "avanthienggcollege.ac.in/rti_committee?section=gos.html" [1]
2026-10-08 02:02:33 URL:https://avanthienggcollege.ac.in/rti_committee?section=events [143696] -> "avanthienggcollege.ac.in/rti_committee?section=events.html" [1]
2026-10-08 02:02:34 URL:https://avanthienggcollege.ac.in/rti_committee?section=gallery [142402] -> "avanthienggcollege.ac.in/rti_committee?section=gallery.html" [1]
2026-10-08 02:02:34 URL:https://avanthienggcollege.ac.in/rti_committee?section=about&about_tab=roles [144385] -> "avanthienggcollege.ac.in/rti_committee?section=about&about_tab=roles.html" [1]
2026-10-08 02:02:35 URL:https://avanthienggcollege.ac.in/library_maintenance_committee?section=about&about_tab=functions [144867] -> "avanthienggcollege.ac.in/library_maintenance_committee?section=about&about_tab=functions.html" [1]
2026-10-08 02:02:35 URL:https://avanthienggcollege.ac.in/library_maintenance_committee?section=facilities [143077] -> "avanthienggcollege.ac.in/library_maintenance_committee?section=facilities.html" [1]
2026-10-08 02:02:36 URL:https://avanthienggcollege.ac.in/library_maintenance_committee?section=committee_members [147277] -> "avanthienggcollege.ac.in/library_maintenance_committee?section=committee_members.html" [1]
2026-10-08 02:02:36 URL:https://avanthienggcollege.ac.in/library_maintenance_committee?section=year_planner [143081] -> "avanthienggcollege.ac.in/library_maintenance_committee?section=year_planner.html" [1]
2026-10-08 02:02:37 URL:https://avanthienggcollege.ac.in/library_maintenance_committee?section=staff [143067] -> "avanthienggcollege.ac.in/library_maintenance_committee?section=staff.html" [1]
2026-10-08 02:02:37 URL:https://avanthienggcollege.ac.in/library_maintenance_committee?section=policy [143069] -> "avanthienggcollege.ac.in/library_maintenance_committee?section=policy.html" [1]
2026-10-08 02:02:37 URL:https://avanthienggcollege.ac.in/library_maintenance_committee?section=digital_library [143087] -> "avanthienggcollege.ac.in/library_maintenance_committee?section=digital_library.html" [1]
2026-10-08 02:02:38 URL:https://avanthienggcollege.ac.in/library_maintenance_committee?section=resources [143075] -> "avanthienggcollege.ac.in/library_maintenance_committee?section=resources.html" [1]
2026-10-08 02:02:38 URL:https://avanthienggcollege.ac.in/library_maintenance_committee?section=services [143073] -> "avanthienggcollege.ac.in/library_maintenance_committee?section=services.html" [1]
2026-10-08 02:02:39 URL:https://avanthienggcollege.ac.in/library_maintenance_committee?section=subscription [144147] -> "avanthienggcollege.ac.in/library_maintenance_committee?section=subscription.html" [1]
2026-10-08 02:02:39 URL:https://avanthienggcollege.ac.in/library_maintenance_committee?section=about&about_tab=roles [144610] -> "avanthienggcollege.ac.in/library_maintenance_committee?section=about&about_tab=roles.html" [1]
2026-10-08 02:02:40 URL:https://avanthienggcollege.ac.in/transport_maintainance_committee?section=about&about_tab=functions [127582] -> "avanthienggcollege.ac.in/transport_maintainance_committee?section=about&about_tab=functions.html" [1]
2026-10-08 02:02:40 URL:https://avanthienggcollege.ac.in/transport_maintainance_committee?section=facilities [126353] -> "avanthienggcollege.ac.in/transport_maintainance_committee?section=facilities.html" [1]
2026-10-08 02:02:41 URL:https://avanthienggcollege.ac.in/transport_maintainance_committee?section=committee_members [130443] -> "avanthienggcollege.ac.in/transport_maintainance_committee?section=committee_members.html" [1]
2026-10-08 02:02:41 URL:https://avanthienggcollege.ac.in/transport_maintainance_committee?section=year_planner [126355] -> "avanthienggcollege.ac.in/transport_maintainance_committee?section=year_planner.html" [1]
2026-10-08 02:02:43 URL:https://avanthienggcollege.ac.in/transport_maintainance_committee?section=bus_routes [127321] -> "avanthienggcollege.ac.in/transport_maintainance_committee?section=bus_routes.html" [1]
2026-10-08 02:02:43 URL:https://avanthienggcollege.ac.in/transport_maintainance_committee?section=driver_contacts [127346] -> "avanthienggcollege.ac.in/transport_maintainance_committee?section=driver_contacts.html" [1]
2026-10-08 02:02:44 URL:https://avanthienggcollege.ac.in/transport_maintainance_committee?section=bus_safety [127321] -> "avanthienggcollege.ac.in/transport_maintainance_committee?section=bus_safety.html" [1]
2026-10-08 02:02:44 URL:https://avanthienggcollege.ac.in/transport_maintainance_committee?section=about&about_tab=roles [127131] -> "avanthienggcollege.ac.in/transport_maintainance_committee?section=about&about_tab=roles.html" [1]
2026-10-08 02:02:45 URL:https://avanthienggcollege.ac.in/hostel_maintenance_committee?section=about&about_tab=functions [125286] -> "avanthienggcollege.ac.in/hostel_maintenance_committee?section=about&about_tab=functions.html" [1]
2026-10-08 02:02:45 URL:https://avanthienggcollege.ac.in/hostel_maintenance_committee?section=facilities [124987] -> "avanthienggcollege.ac.in/hostel_maintenance_committee?section=facilities.html" [1]
2026-10-08 02:02:46 URL:https://avanthienggcollege.ac.in/hostel_maintenance_committee?section=committee_members [129345] -> "avanthienggcollege.ac.in/hostel_maintenance_committee?section=committee_members.html" [1]
2026-10-08 02:02:46 URL:https://avanthienggcollege.ac.in/hostel_maintenance_committee?section=year_planner [124989] -> "avanthienggcollege.ac.in/hostel_maintenance_committee?section=year_planner.html" [1]
2026-10-08 02:02:47 URL:https://avanthienggcollege.ac.in/hostel_maintenance_committee?section=staff_details [124990] -> "avanthienggcollege.ac.in/hostel_maintenance_committee?section=staff_details.html" [1]
2026-10-08 02:02:47 URL:https://avanthienggcollege.ac.in/hostel_maintenance_committee?section=room_details [124989] -> "avanthienggcollege.ac.in/hostel_maintenance_committee?section=room_details.html" [1]
2026-10-08 02:02:47 URL:https://avanthienggcollege.ac.in/hostel_maintenance_committee?section=other_services [124991] -> "avanthienggcollege.ac.in/hostel_maintenance_committee?section=other_services.html" [1]
2026-10-08 02:02:48 URL:https://avanthienggcollege.ac.in/hostel_maintenance_committee?section=about&about_tab=roles [126060] -> "avanthienggcollege.ac.in/hostel_maintenance_committee?section=about&about_tab=roles.html" [1]
2026-10-08 02:02:48 URL:https://avanthienggcollege.ac.in/canteen_maintenance_committee?section=about&about_tab=functions [124992] -> "avanthienggcollege.ac.in/canteen_maintenance_committee?section=about&about_tab=functions.html" [1]
2026-10-08 02:02:49 URL:https://avanthienggcollege.ac.in/canteen_maintenance_committee?section=facilities [124693] -> "avanthienggcollege.ac.in/canteen_maintenance_committee?section=facilities.html" [1]
2026-10-08 02:02:49 URL:https://avanthienggcollege.ac.in/canteen_maintenance_committee?section=committee_members [128746] -> "avanthienggcollege.ac.in/canteen_maintenance_committee?section=committee_members.html" [1]
2026-10-08 02:02:50 URL:https://avanthienggcollege.ac.in/canteen_maintenance_committee?section=year_planner [124695] -> "avanthienggcollege.ac.in/canteen_maintenance_committee?section=year_planner.html" [1]
2026-10-08 02:02:50 URL:https://avanthienggcollege.ac.in/canteen_maintenance_committee?section=gallery [124690] -> "avanthienggcollege.ac.in/canteen_maintenance_committee?section=gallery.html" [1]
2026-10-08 02:02:51 URL:https://avanthienggcollege.ac.in/canteen_maintenance_committee?section=about&about_tab=roles [125776] -> "avanthienggcollege.ac.in/canteen_maintenance_committee?section=about&about_tab=roles.html" [1]
2026-10-08 02:02:51 URL:https://avanthienggcollege.ac.in/fireandsafety_committee?section=about&about_tab=functions [126515] -> "avanthienggcollege.ac.in/fireandsafety_committee?section=about&about_tab=functions.html" [1]
2026-10-08 02:02:52 URL:https://avanthienggcollege.ac.in/fireandsafety_committee?section=facilities [126312] -> "avanthienggcollege.ac.in/fireandsafety_committee?section=facilities.html" [1]
2026-10-08 02:02:52 URL:https://avanthienggcollege.ac.in/fireandsafety_committee?section=committee_members [130068] -> "avanthienggcollege.ac.in/fireandsafety_committee?section=committee_members.html" [1]
2026-10-08 02:02:52 URL:https://avanthienggcollege.ac.in/fireandsafety_committee?section=year_planner [126314] -> "avanthienggcollege.ac.in/fireandsafety_committee?section=year_planner.html" [1]
2026-10-08 02:02:53 URL:https://avanthienggcollege.ac.in/fireandsafety_committee?section=mock_drill [127236] -> "avanthienggcollege.ac.in/fireandsafety_committee?section=mock_drill.html" [1]
2026-10-08 02:02:53 URL:https://avanthienggcollege.ac.in/fireandsafety_committee?section=safety_certificate [127276] -> "avanthienggcollege.ac.in/fireandsafety_committee?section=safety_certificate.html" [1]
2026-10-08 02:02:54 URL:https://avanthienggcollege.ac.in/fireandsafety_committee?section=about&about_tab=roles [128506] -> "avanthienggcollege.ac.in/fireandsafety_committee?section=about&about_tab=roles.html" [1]
2026-10-08 02:02:54 URL:https://avanthienggcollege.ac.in/p_n_t_committee?section=about&about_tab=functions [145350] -> "avanthienggcollege.ac.in/p_n_t_committee?section=about&about_tab=functions.html" [1]
2026-10-08 02:02:55 URL:https://avanthienggcollege.ac.in/p_n_t_committee?section=facilities [141304] -> "avanthienggcollege.ac.in/p_n_t_committee?section=facilities.html" [1]
2026-10-08 02:02:55 URL:https://avanthienggcollege.ac.in/p_n_t_committee?section=committee_members [145144] -> "avanthienggcollege.ac.in/p_n_t_committee?section=committee_members.html" [1]
2026-10-08 02:02:56 URL:https://avanthienggcollege.ac.in/p_n_t_committee?section=year_planner [141310] -> "avanthienggcollege.ac.in/p_n_t_committee?section=year_planner.html" [1]
2026-10-08 02:02:56 URL:https://avanthienggcollege.ac.in/p_n_t_committee?section=event_organised [144966] -> "avanthienggcollege.ac.in/p_n_t_committee?section=event_organised.html" [1]
2026-10-08 02:02:57 URL:https://avanthienggcollege.ac.in/p_n_t_committee?section=event_attend [145957] -> "avanthienggcollege.ac.in/p_n_t_committee?section=event_attend.html" [1]
2026-10-08 02:02:57 URL:https://avanthienggcollege.ac.in/p_n_t_committee?section=gallery [141515] -> "avanthienggcollege.ac.in/p_n_t_committee?section=gallery.html" [1]
2026-10-08 02:02:58 URL:https://avanthienggcollege.ac.in/p_n_t_committee?section=tab1 [141289] -> "avanthienggcollege.ac.in/p_n_t_committee?section=tab1.html" [1]
2026-10-08 02:02:58 URL:https://avanthienggcollege.ac.in/p_n_t_committee?section=tab2 [141289] -> "avanthienggcollege.ac.in/p_n_t_committee?section=tab2.html" [1]
2026-10-08 02:02:59 URL:https://avanthienggcollege.ac.in/p_n_t_committee?section=about&about_tab=roles [141848] -> "avanthienggcollege.ac.in/p_n_t_committee?section=about&about_tab=roles.html" [1]
2026-10-08 02:02:59 URL:https://avanthienggcollege.ac.in/sports_committee?section=about&about_tab=functions [129340] -> "avanthienggcollege.ac.in/sports_committee?section=about&about_tab=functions.html" [1]
2026-10-08 02:02:59 URL:https://avanthienggcollege.ac.in/sports_committee?section=facilities [128572] -> "avanthienggcollege.ac.in/sports_committee?section=facilities.html" [1]
2026-10-08 02:03:00 URL:https://avanthienggcollege.ac.in/sports_committee?section=committee_members [135567] -> "avanthienggcollege.ac.in/sports_committee?section=committee_members.html" [1]
2026-10-08 02:03:00 URL:https://avanthienggcollege.ac.in/sports_committee?section=year_planner [128576] -> "avanthienggcollege.ac.in/sports_committee?section=year_planner.html" [1]
2026-10-08 02:03:01 URL:https://avanthienggcollege.ac.in/sports_committee?section=awards [130439] -> "avanthienggcollege.ac.in/sports_committee?section=awards.html" [1]
2026-10-08 02:03:01 URL:https://avanthienggcollege.ac.in/sports_committee?section=events [130439] -> "avanthienggcollege.ac.in/sports_committee?section=events.html" [1]
2026-10-08 02:03:02 URL:https://avanthienggcollege.ac.in/sports_committee?section=gallery [128846] -> "avanthienggcollege.ac.in/sports_committee?section=gallery.html" [1]
2026-10-08 02:03:02 URL:https://avanthienggcollege.ac.in/sports_committee?section=coaching [128568] -> "avanthienggcollege.ac.in/sports_committee?section=coaching.html" [1]
2026-10-08 02:03:03 URL:https://avanthienggcollege.ac.in/sports_committee?section=about&about_tab=roles [129544] -> "avanthienggcollege.ac.in/sports_committee?section=about&about_tab=roles.html" [1]
2026-10-08 02:03:03 URL:https://avanthienggcollege.ac.in/cultural_committee?section=about&about_tab=functions [143535] -> "avanthienggcollege.ac.in/cultural_committee?section=about&about_tab=functions.html" [1]
2026-10-08 02:03:04 URL:https://avanthienggcollege.ac.in/cultural_committee?section=facilities [142405] -> "avanthienggcollege.ac.in/cultural_committee?section=facilities.html" [1]
2026-10-08 02:03:04 URL:https://avanthienggcollege.ac.in/cultural_committee?section=committee_members [146344] -> "avanthienggcollege.ac.in/cultural_committee?section=committee_members.html" [1]
2026-10-08 02:03:04 URL:https://avanthienggcollege.ac.in/cultural_committee?section=year_planner [142409] -> "avanthienggcollege.ac.in/cultural_committee?section=year_planner.html" [1]
2026-10-08 02:03:05 URL:https://avanthienggcollege.ac.in/cultural_committee?section=events [143741] -> "avanthienggcollege.ac.in/cultural_committee?section=events.html" [1]
2026-10-08 02:03:05 URL:https://avanthienggcollege.ac.in/cultural_committee?section=awards [143741] -> "avanthienggcollege.ac.in/cultural_committee?section=awards.html" [1]
2026-10-08 02:03:06 URL:https://avanthienggcollege.ac.in/cultural_committee?section=gallery [142399] -> "avanthienggcollege.ac.in/cultural_committee?section=gallery.html" [1]
2026-10-08 02:03:06 URL:https://avanthienggcollege.ac.in/cultural_committee?section=coaching [142401] -> "avanthienggcollege.ac.in/cultural_committee?section=coaching.html" [1]
2026-10-08 02:03:07 URL:https://avanthienggcollege.ac.in/cultural_committee?section=about&about_tab=roles [144773] -> "avanthienggcollege.ac.in/cultural_committee?section=about&about_tab=roles.html" [1]
2026-10-08 02:03:07 URL:https://avanthienggcollege.ac.in/newsletter_committee?section=about&about_tab=functions [143074] -> "avanthienggcollege.ac.in/newsletter_committee?section=about&about_tab=functions.html" [1]
2026-10-08 02:03:08 URL:https://avanthienggcollege.ac.in/newsletter_committee?section=facilities [142455] -> "avanthienggcollege.ac.in/newsletter_committee?section=facilities.html" [1]
2026-10-08 02:03:08 URL:https://avanthienggcollege.ac.in/newsletter_committee?section=committee_members [146226] -> "avanthienggcollege.ac.in/newsletter_committee?section=committee_members.html" [1]
2026-10-08 02:03:09 URL:https://avanthienggcollege.ac.in/newsletter_committee?section=year_planner [142459] -> "avanthienggcollege.ac.in/newsletter_committee?section=year_planner.html" [1]
2026-10-08 02:03:09 URL:https://avanthienggcollege.ac.in/newsletter_committee?section=magazines [143809] -> "avanthienggcollege.ac.in/newsletter_committee?section=magazines.html" [1]
2026-10-08 02:03:10 URL:https://avanthienggcollege.ac.in/newsletter_committee?section=new_letter [143815] -> "avanthienggcollege.ac.in/newsletter_committee?section=new_letter.html" [1]
2026-10-08 02:03:10 URL:https://avanthienggcollege.ac.in/newsletter_committee?section=annual_event [143827] -> "avanthienggcollege.ac.in/newsletter_committee?section=annual_event.html" [1]
2026-10-08 02:03:11 URL:https://avanthienggcollege.ac.in/newsletter_committee?section=gallery [142449] -> "avanthienggcollege.ac.in/newsletter_committee?section=gallery.html" [1]
2026-10-08 02:03:11 URL:https://avanthienggcollege.ac.in/newsletter_committee?section=about&about_tab=roles [144818] -> "avanthienggcollege.ac.in/newsletter_committee?section=about&about_tab=roles.html" [1]
2026-10-08 02:03:11 URL:https://avanthienggcollege.ac.in/NSS_NCC1?section=about&about_tab=functions [130488] -> "avanthienggcollege.ac.in/NSS_NCC1?section=about&about_tab=functions.html" [1]
2026-10-08 02:03:12 URL:https://avanthienggcollege.ac.in/NSS_NCC1?section=facilities [126355] -> "avanthienggcollege.ac.in/NSS_NCC1?section=facilities.html" [1]
2026-10-08 02:03:12 URL:https://avanthienggcollege.ac.in/NSS_NCC1?section=committee_members [130757] -> "avanthienggcollege.ac.in/NSS_NCC1?section=committee_members.html" [1]
2026-10-08 02:03:13 URL:https://avanthienggcollege.ac.in/NSS_NCC1?section=year_planner [126357] -> "avanthienggcollege.ac.in/NSS_NCC1?section=year_planner.html" [1]
2026-10-08 02:03:13 URL:https://avanthienggcollege.ac.in/NSS_NCC1?section=events [127303] -> "avanthienggcollege.ac.in/NSS_NCC1?section=events.html" [1]
2026-10-08 02:03:14 URL:https://avanthienggcollege.ac.in/NSS_NCC1?section=awards [127303] -> "avanthienggcollege.ac.in/NSS_NCC1?section=awards.html" [1]
2026-10-08 02:03:14 URL:https://avanthienggcollege.ac.in/NSS_NCC1?section=gallery [126345] -> "avanthienggcollege.ac.in/NSS_NCC1?section=gallery.html" [1]
2026-10-08 02:03:15 URL:https://avanthienggcollege.ac.in/NSS_NCC1?section=ncc_details [126356] -> "avanthienggcollege.ac.in/NSS_NCC1?section=ncc_details.html" [1]
2026-10-08 02:03:15 URL:https://avanthienggcollege.ac.in/NSS_NCC1?section=about&about_tab=roles [127090] -> "avanthienggcollege.ac.in/NSS_NCC1?section=about&about_tab=roles.html" [1]
2026-10-08 02:03:16 URL:https://avanthienggcollege.ac.in/admission_committee?section=about&about_tab=functions [130685] -> "avanthienggcollege.ac.in/admission_committee?section=about&about_tab=functions.html" [1]
2026-10-08 02:03:16 URL:https://avanthienggcollege.ac.in/admission_committee?section=committee_members [134014] -> "avanthienggcollege.ac.in/admission_committee?section=committee_members.html" [1]
2026-10-08 02:03:16 URL:https://avanthienggcollege.ac.in/admission_committee?section=scholarships [129560] -> "avanthienggcollege.ac.in/admission_committee?section=scholarships.html" [1]
2026-10-08 02:03:17 URL:https://avanthienggcollege.ac.in/admission_committee?section=programmers_offered [129574] -> "avanthienggcollege.ac.in/admission_committee?section=programmers_offered.html" [1]
2026-10-08 02:03:17 URL:https://avanthienggcollege.ac.in/admission_committee?section=admission_policy_fees [129578] -> "avanthienggcollege.ac.in/admission_committee?section=admission_policy_fees.html" [1]
2026-10-08 02:03:18 URL:https://avanthienggcollege.ac.in/admission_committee?section=admission_enquiry [129570] -> "avanthienggcollege.ac.in/admission_committee?section=admission_enquiry.html" [1]
2026-10-08 02:03:18 URL:https://avanthienggcollege.ac.in/admission_committee?section=admission_statistics [129576] -> "avanthienggcollege.ac.in/admission_committee?section=admission_statistics.html" [1]
2026-10-08 02:03:19 URL:https://avanthienggcollege.ac.in/admission_committee?section=about&about_tab=roles [133035] -> "avanthienggcollege.ac.in/admission_committee?section=about&about_tab=roles.html" [1]
2026-10-08 02:03:19 URL:https://avanthienggcollege.ac.in/alumini_committee?section=about&about_tab=functions [143906] -> "avanthienggcollege.ac.in/alumini_committee?section=about&about_tab=functions.html" [1]
2026-10-08 02:03:20 URL:https://avanthienggcollege.ac.in/alumini_committee?section=facilities [142748] -> "avanthienggcollege.ac.in/alumini_committee?section=facilities.html" [1]
2026-10-08 02:03:20 URL:https://avanthienggcollege.ac.in/alumini_committee?section=committee_members [146332] -> "avanthienggcollege.ac.in/alumini_committee?section=committee_members.html" [1]
2026-10-08 02:03:21 URL:https://avanthienggcollege.ac.in/alumini_committee?section=registration [144072] -> "avanthienggcollege.ac.in/alumini_committee?section=registration.html" [1]
2026-10-08 02:03:21 URL:https://avanthienggcollege.ac.in/alumini_committee?section=events [144036] -> "avanthienggcollege.ac.in/alumini_committee?section=events.html" [1]
2026-10-08 02:03:22 URL:https://avanthienggcollege.ac.in/alumini_committee?section=meets [144030] -> "avanthienggcollege.ac.in/alumini_committee?section=meets.html" [1]
2026-10-08 02:03:22 URL:https://avanthienggcollege.ac.in/alumini_committee?section=contribution [144072] -> "avanthienggcollege.ac.in/alumini_committee?section=contribution.html" [1]
2026-10-08 02:03:23 URL:https://avanthienggcollege.ac.in/alumini_committee?section=eminent_alumni [144084] -> "avanthienggcollege.ac.in/alumini_committee?section=eminent_alumni.html" [1]
2026-10-08 02:03:23 URL:https://avanthienggcollege.ac.in/alumini_committee?section=association [144066] -> "avanthienggcollege.ac.in/alumini_committee?section=association.html" [1]
2026-10-08 02:03:24 URL:https://avanthienggcollege.ac.in/alumini_committee?section=about&about_tab=roles [145793] -> "avanthienggcollege.ac.in/alumini_committee?section=about&about_tab=roles.html" [1]
https://avanthienggcollege.ac.in/assets/Projects/2018-19/MECH/P31.pdf%20target=:
2026-10-08 02:03:24 ERROR 404: Not Found.
2026-10-08 02:03:26 URL:https://avanthienggcollege.ac.in/college_academic_committee?section=committee_members&year=2025-26 [141069] -> "avanthienggcollege.ac.in/college_academic_committee?section=committee_members&year=2025-26.html" [1]
2026-10-08 02:03:26 URL:https://avanthienggcollege.ac.in/college_academic_committee?section=committee_members&year=2024-25 [137389] -> "avanthienggcollege.ac.in/college_academic_committee?section=committee_members&year=2024-25.html" [1]
2026-10-08 02:03:27 URL:https://avanthienggcollege.ac.in/college_academic_committee?section=committee_members&year=2023-24 [137389] -> "avanthienggcollege.ac.in/college_academic_committee?section=committee_members&year=2023-24.html" [1]
2026-10-08 02:03:27 URL:https://avanthienggcollege.ac.in/college_academic_committee?section=committee_members&year=2022-23 [137389] -> "avanthienggcollege.ac.in/college_academic_committee?section=committee_members&year=2022-23.html" [1]
2026-10-08 02:03:28 URL:https://avanthienggcollege.ac.in/college_academic_committee?section=committee_members&year=2021-22 [137389] -> "avanthienggcollege.ac.in/college_academic_committee?section=committee_members&year=2021-22.html" [1]
2026-10-08 02:03:28 URL:https://avanthienggcollege.ac.in/college_academic_committee?section=minutes_of_meeting&year=2025-26 [137748] -> "avanthienggcollege.ac.in/college_academic_committee?section=minutes_of_meeting&year=2025-26.html" [1]
2026-10-08 02:03:28 URL:https://avanthienggcollege.ac.in/college_academic_committee?section=minutes_of_meeting&year=2024-25 [137748] -> "avanthienggcollege.ac.in/college_academic_committee?section=minutes_of_meeting&year=2024-25.html" [1]
2026-10-08 02:03:29 URL:https://avanthienggcollege.ac.in/college_academic_committee?section=minutes_of_meeting&year=2023-24 [137748] -> "avanthienggcollege.ac.in/college_academic_committee?section=minutes_of_meeting&year=2023-24.html" [1]
2026-10-08 02:03:29 URL:https://avanthienggcollege.ac.in/college_academic_committee?section=minutes_of_meeting&year=2022-23 [137748] -> "avanthienggcollege.ac.in/college_academic_committee?section=minutes_of_meeting&year=2022-23.html" [1]
2026-10-08 02:03:30 URL:https://avanthienggcollege.ac.in/college_academic_committee?section=minutes_of_meeting&year=2021-22 [137748] -> "avanthienggcollege.ac.in/college_academic_committee?section=minutes_of_meeting&year=2021-22.html" [1]
2026-10-08 02:03:30 URL:https://avanthienggcollege.ac.in/time_table_committee?section=committee_members&year=2025-26 [145357] -> "avanthienggcollege.ac.in/time_table_committee?section=committee_members&year=2025-26.html" [1]
2026-10-08 02:03:31 URL:https://avanthienggcollege.ac.in/time_table_committee?section=committee_members&year=2024-25 [143232] -> "avanthienggcollege.ac.in/time_table_committee?section=committee_members&year=2024-25.html" [1]
2026-10-08 02:03:31 URL:https://avanthienggcollege.ac.in/time_table_committee?section=committee_members&year=2023-24 [143232] -> "avanthienggcollege.ac.in/time_table_committee?section=committee_members&year=2023-24.html" [1]
2026-10-08 02:03:32 URL:https://avanthienggcollege.ac.in/time_table_committee?section=committee_members&year=2022-23 [143232] -> "avanthienggcollege.ac.in/time_table_committee?section=committee_members&year=2022-23.html" [1]
2026-10-08 02:03:32 URL:https://avanthienggcollege.ac.in/time_table_committee?section=committee_members&year=2021-22 [143232] -> "avanthienggcollege.ac.in/time_table_committee?section=committee_members&year=2021-22.html" [1]
2026-10-08 02:03:33 URL:https://avanthienggcollege.ac.in/iqac_committee?section=committee_members&year=2025-26 [128720] -> "avanthienggcollege.ac.in/iqac_committee?section=committee_members&year=2025-26.html" [1]
2026-10-08 02:03:33 URL:https://avanthienggcollege.ac.in/iqac_committee?section=committee_members&year=2024-25 [126520] -> "avanthienggcollege.ac.in/iqac_committee?section=committee_members&year=2024-25.html" [1]
2026-10-08 02:03:33 URL:https://avanthienggcollege.ac.in/iqac_committee?section=committee_members&year=2023-24 [126520] -> "avanthienggcollege.ac.in/iqac_committee?section=committee_members&year=2023-24.html" [1]
2026-10-08 02:03:34 URL:https://avanthienggcollege.ac.in/iqac_committee?section=committee_members&year=2022-23 [126520] -> "avanthienggcollege.ac.in/iqac_committee?section=committee_members&year=2022-23.html" [1]
2026-10-08 02:03:34 URL:https://avanthienggcollege.ac.in/iqac_committee?section=committee_members&year=2021-22 [126520] -> "avanthienggcollege.ac.in/iqac_committee?section=committee_members&year=2021-22.html" [1]
2026-10-08 02:03:35 URL:https://avanthienggcollege.ac.in/iqac_committee?section=feedback&feedback_tab=feedback_analysis [127438] -> "avanthienggcollege.ac.in/iqac_committee?section=feedback&feedback_tab=feedback_analysis.html" [1]
2026-10-08 02:03:35 URL:https://avanthienggcollege.ac.in/iqac_committee?section=feedback&feedback_tab=student_feedback [126750] -> "avanthienggcollege.ac.in/iqac_committee?section=feedback&feedback_tab=student_feedback.html" [1]
2026-10-08 02:03:36 URL:https://avanthienggcollege.ac.in/iqac_committee?section=feedback&feedback_tab=faculty_feedback [126760] -> "avanthienggcollege.ac.in/iqac_committee?section=feedback&feedback_tab=faculty_feedback.html" [1]
2026-10-08 02:03:36 URL:https://avanthienggcollege.ac.in/iqac_committee?section=initiatives&year=2025-26 [126740] -> "avanthienggcollege.ac.in/iqac_committee?section=initiatives&year=2025-26.html" [1]
2026-10-08 02:03:37 URL:https://avanthienggcollege.ac.in/iqac_committee?section=initiatives&year=2024-25 [126740] -> "avanthienggcollege.ac.in/iqac_committee?section=initiatives&year=2024-25.html" [1]
2026-10-08 02:03:37 URL:https://avanthienggcollege.ac.in/iqac_committee?section=initiatives&year=2023-24 [126740] -> "avanthienggcollege.ac.in/iqac_committee?section=initiatives&year=2023-24.html" [1]
2026-10-08 02:03:37 URL:https://avanthienggcollege.ac.in/iqac_committee?section=initiatives&year=2022-23 [126740] -> "avanthienggcollege.ac.in/iqac_committee?section=initiatives&year=2022-23.html" [1]
2026-10-08 02:03:38 URL:https://avanthienggcollege.ac.in/iqac_committee?section=initiatives&year=2021-22 [127094] -> "avanthienggcollege.ac.in/iqac_committee?section=initiatives&year=2021-22.html" [1]
2026-10-08 02:03:38 URL:https://avanthienggcollege.ac.in/iqac_committee?section=initiatives&year=2020-21 [127094] -> "avanthienggcollege.ac.in/iqac_committee?section=initiatives&year=2020-21.html" [1]
2026-10-08 02:03:39 URL:https://avanthienggcollege.ac.in/iqac_committee?section=initiatives&year=2019-20 [127094] -> "avanthienggcollege.ac.in/iqac_committee?section=initiatives&year=2019-20.html" [1]
2026-10-08 02:03:39 URL:https://avanthienggcollege.ac.in/iqac_committee?section=initiatives&year=2018-19 [127094] -> "avanthienggcollege.ac.in/iqac_committee?section=initiatives&year=2018-19.html" [1]
2026-10-08 02:03:40 URL:https://avanthienggcollege.ac.in/iqac_committee?section=initiatives&year=2017-18 [127094] -> "avanthienggcollege.ac.in/iqac_committee?section=initiatives&year=2017-18.html" [1]
2026-10-08 02:03:40 URL:https://avanthienggcollege.ac.in/iqac_committee?section=aqar&year=2025-26 [148680] -> "avanthienggcollege.ac.in/iqac_committee?section=aqar&year=2025-26.html" [1]
2026-10-08 02:03:41 URL:https://avanthienggcollege.ac.in/iqac_committee?section=aqar&year=2024-25 [126433] -> "avanthienggcollege.ac.in/iqac_committee?section=aqar&year=2024-25.html" [1]
2026-10-08 02:03:41 URL:https://avanthienggcollege.ac.in/iqac_committee?section=aqar&year=2023-24 [126433] -> "avanthienggcollege.ac.in/iqac_committee?section=aqar&year=2023-24.html" [1]
2026-10-08 02:03:42 URL:https://avanthienggcollege.ac.in/iqac_committee?section=aqar&year=2022-23 [126433] -> "avanthienggcollege.ac.in/iqac_committee?section=aqar&year=2022-23.html" [1]
2026-10-08 02:03:42 URL:https://avanthienggcollege.ac.in/iqac_committee?section=aqar&year=2021-22 [126433] -> "avanthienggcollege.ac.in/iqac_committee?section=aqar&year=2021-22.html" [1]
2026-10-08 02:03:43 URL:https://avanthienggcollege.ac.in/iqac_committee?section=audits&year=2025-26 [127072] -> "avanthienggcollege.ac.in/iqac_committee?section=audits&year=2025-26.html" [1]
2026-10-08 02:03:43 URL:https://avanthienggcollege.ac.in/iqac_committee?section=audits&year=2024-25 [126443] -> "avanthienggcollege.ac.in/iqac_committee?section=audits&year=2024-25.html" [1]
2026-10-08 02:03:43 URL:https://avanthienggcollege.ac.in/iqac_committee?section=audits&year=2023-24 [126443] -> "avanthienggcollege.ac.in/iqac_committee?section=audits&year=2023-24.html" [1]
2026-10-08 02:03:44 URL:https://avanthienggcollege.ac.in/iqac_committee?section=audits&year=2022-23 [126443] -> "avanthienggcollege.ac.in/iqac_committee?section=audits&year=2022-23.html" [1]
2026-10-08 02:03:44 URL:https://avanthienggcollege.ac.in/iqac_committee?section=audits&year=2021-22 [126443] -> "avanthienggcollege.ac.in/iqac_committee?section=audits&year=2021-22.html" [1]
2026-10-08 02:03:45 URL:https://avanthienggcollege.ac.in/iqac_committee?section=minutes&year=2025-26 [126768] -> "avanthienggcollege.ac.in/iqac_committee?section=minutes&year=2025-26.html" [1]
2026-10-08 02:03:45 URL:https://avanthienggcollege.ac.in/iqac_committee?section=minutes&year=2024-25 [126768] -> "avanthienggcollege.ac.in/iqac_committee?section=minutes&year=2024-25.html" [1]
2026-10-08 02:03:46 URL:https://avanthienggcollege.ac.in/iqac_committee?section=minutes&year=2023-24 [126768] -> "avanthienggcollege.ac.in/iqac_committee?section=minutes&year=2023-24.html" [1]
2026-10-08 02:03:46 URL:https://avanthienggcollege.ac.in/iqac_committee?section=minutes&year=2022-23 [126768] -> "avanthienggcollege.ac.in/iqac_committee?section=minutes&year=2022-23.html" [1]
2026-10-08 02:03:47 URL:https://avanthienggcollege.ac.in/iqac_committee?section=minutes&year=2021-22 [126880] -> "avanthienggcollege.ac.in/iqac_committee?section=minutes&year=2021-22.html" [1]
2026-10-08 02:03:47 URL:https://avanthienggcollege.ac.in/iqac_committee?section=minutes&year=2020-21 [126880] -> "avanthienggcollege.ac.in/iqac_committee?section=minutes&year=2020-21.html" [1]
2026-10-08 02:03:47 URL:https://avanthienggcollege.ac.in/iqac_committee?section=minutes&year=2019-20 [126880] -> "avanthienggcollege.ac.in/iqac_committee?section=minutes&year=2019-20.html" [1]
2026-10-08 02:03:48 URL:https://avanthienggcollege.ac.in/iqac_committee?section=minutes&year=2018-19 [126880] -> "avanthienggcollege.ac.in/iqac_committee?section=minutes&year=2018-19.html" [1]
2026-10-08 02:03:48 URL:https://avanthienggcollege.ac.in/iqac_committee?section=minutes&year=2017-18 [126880] -> "avanthienggcollege.ac.in/iqac_committee?section=minutes&year=2017-18.html" [1]
2026-10-08 02:03:49 URL:https://avanthienggcollege.ac.in/iqac_committee?section=minutes&year=2016-17 [126880] -> "avanthienggcollege.ac.in/iqac_committee?section=minutes&year=2016-17.html" [1]
2026-10-08 02:03:49 URL:https://avanthienggcollege.ac.in/iqac_committee?section=accreditation&accreditation_tab=nirf [126395] -> "avanthienggcollege.ac.in/iqac_committee?section=accreditation&accreditation_tab=nirf.html" [1]
2026-10-08 02:03:50 URL:https://avanthienggcollege.ac.in/iqac_committee?section=accreditation&accreditation_tab=mandatory [126655] -> "avanthienggcollege.ac.in/iqac_committee?section=accreditation&accreditation_tab=mandatory.html" [1]
2026-10-08 02:03:50 URL:https://avanthienggcollege.ac.in/examination_committee?section=committee_members&year=2025-26 [146299] -> "avanthienggcollege.ac.in/examination_committee?section=committee_members&year=2025-26.html" [1]
2026-10-08 02:03:51 URL:https://avanthienggcollege.ac.in/examination_committee?section=committee_members&year=2024-25 [143445] -> "avanthienggcollege.ac.in/examination_committee?section=committee_members&year=2024-25.html" [1]
2026-10-08 02:03:51 URL:https://avanthienggcollege.ac.in/examination_committee?section=committee_members&year=2023-24 [143445] -> "avanthienggcollege.ac.in/examination_committee?section=committee_members&year=2023-24.html" [1]
2026-10-08 02:03:52 URL:https://avanthienggcollege.ac.in/examination_committee?section=committee_members&year=2022-23 [143445] -> "avanthienggcollege.ac.in/examination_committee?section=committee_members&year=2022-23.html" [1]
2026-10-08 02:03:52 URL:https://avanthienggcollege.ac.in/examination_committee?section=committee_members&year=2021-22 [143445] -> "avanthienggcollege.ac.in/examination_committee?section=committee_members&year=2021-22.html" [1]
2026-10-08 02:03:52 URL:https://avanthienggcollege.ac.in/examination_committee?section=circular&year=2025-26 [143399] -> "avanthienggcollege.ac.in/examination_committee?section=circular&year=2025-26.html" [1]
2026-10-08 02:03:53 URL:https://avanthienggcollege.ac.in/examination_committee?section=circular&year=2024-25 [143399] -> "avanthienggcollege.ac.in/examination_committee?section=circular&year=2024-25.html" [1]
2026-10-08 02:03:53 URL:https://avanthienggcollege.ac.in/examination_committee?section=circular&year=2023-24 [143399] -> "avanthienggcollege.ac.in/examination_committee?section=circular&year=2023-24.html" [1]
2026-10-08 02:03:54 URL:https://avanthienggcollege.ac.in/examination_committee?section=circular&year=2022-23 [143399] -> "avanthienggcollege.ac.in/examination_committee?section=circular&year=2022-23.html" [1]
2026-10-08 02:03:54 URL:https://avanthienggcollege.ac.in/examination_committee?section=circular&year=2021-22 [143399] -> "avanthienggcollege.ac.in/examination_committee?section=circular&year=2021-22.html" [1]
2026-10-08 02:03:55 URL:https://avanthienggcollege.ac.in/examination_committee?section=results&year=2025-26 [143393] -> "avanthienggcollege.ac.in/examination_committee?section=results&year=2025-26.html" [1]
2026-10-08 02:03:55 URL:https://avanthienggcollege.ac.in/examination_committee?section=results&year=2024-25 [143393] -> "avanthienggcollege.ac.in/examination_committee?section=results&year=2024-25.html" [1]
2026-10-08 02:03:56 URL:https://avanthienggcollege.ac.in/examination_committee?section=results&year=2023-24 [143393] -> "avanthienggcollege.ac.in/examination_committee?section=results&year=2023-24.html" [1]
2026-10-08 02:03:56 URL:https://avanthienggcollege.ac.in/examination_committee?section=results&year=2022-23 [143393] -> "avanthienggcollege.ac.in/examination_committee?section=results&year=2022-23.html" [1]
2026-10-08 02:03:57 URL:https://avanthienggcollege.ac.in/examination_committee?section=results&year=2021-22 [143393] -> "avanthienggcollege.ac.in/examination_committee?section=results&year=2021-22.html" [1]
2026-10-08 02:03:57 URL:https://avanthienggcollege.ac.in/examination_committee?section=roll_of_honour&year=2025-26 [143435] -> "avanthienggcollege.ac.in/examination_committee?section=roll_of_honour&year=2025-26.html" [1]
2026-10-08 02:03:58 URL:https://avanthienggcollege.ac.in/examination_committee?section=roll_of_honour&year=2024-25 [143435] -> "avanthienggcollege.ac.in/examination_committee?section=roll_of_honour&year=2024-25.html" [1]
2026-10-08 02:03:58 URL:https://avanthienggcollege.ac.in/examination_committee?section=roll_of_honour&year=2023-24 [143435] -> "avanthienggcollege.ac.in/examination_committee?section=roll_of_honour&year=2023-24.html" [1]
2026-10-08 02:03:58 URL:https://avanthienggcollege.ac.in/examination_committee?section=roll_of_honour&year=2022-23 [143435] -> "avanthienggcollege.ac.in/examination_committee?section=roll_of_honour&year=2022-23.html" [1]
2026-10-08 02:03:59 URL:https://avanthienggcollege.ac.in/examination_committee?section=roll_of_honour&year=2021-22 [143435] -> "avanthienggcollege.ac.in/examination_committee?section=roll_of_honour&year=2021-22.html" [1]
2026-10-08 02:03:59 URL:https://avanthienggcollege.ac.in/examination_committee?section=exam_cell_grievances&year=2025-26 [143471] -> "avanthienggcollege.ac.in/examination_committee?section=exam_cell_grievances&year=2025-26.html" [1]
2026-10-08 02:04:00 URL:https://avanthienggcollege.ac.in/examination_committee?section=exam_cell_grievances&year=2024-25 [143471] -> "avanthienggcollege.ac.in/examination_committee?section=exam_cell_grievances&year=2024-25.html" [1]
2026-10-08 02:04:00 URL:https://avanthienggcollege.ac.in/examination_committee?section=exam_cell_grievances&year=2023-24 [143471] -> "avanthienggcollege.ac.in/examination_committee?section=exam_cell_grievances&year=2023-24.html" [1]
2026-10-08 02:04:01 URL:https://avanthienggcollege.ac.in/examination_committee?section=exam_cell_grievances&year=2022-23 [143471] -> "avanthienggcollege.ac.in/examination_committee?section=exam_cell_grievances&year=2022-23.html" [1]
2026-10-08 02:04:01 URL:https://avanthienggcollege.ac.in/examination_committee?section=exam_cell_grievances&year=2021-22 [143471] -> "avanthienggcollege.ac.in/examination_committee?section=exam_cell_grievances&year=2021-22.html" [1]
2026-10-08 02:04:02 URL:https://avanthienggcollege.ac.in/academicaudit_committee?section=committee_members&year=2025-26 [144999] -> "avanthienggcollege.ac.in/academicaudit_committee?section=committee_members&year=2025-26.html" [1]
2026-10-08 02:04:02 URL:https://avanthienggcollege.ac.in/academicaudit_committee?section=committee_members&year=2024-25 [142884] -> "avanthienggcollege.ac.in/academicaudit_committee?section=committee_members&year=2024-25.html" [1]
2026-10-08 02:04:03 URL:https://avanthienggcollege.ac.in/academicaudit_committee?section=committee_members&year=2023-24 [142884] -> "avanthienggcollege.ac.in/academicaudit_committee?section=committee_members&year=2023-24.html" [1]
2026-10-08 02:04:03 URL:https://avanthienggcollege.ac.in/academicaudit_committee?section=committee_members&year=2022-23 [142884] -> "avanthienggcollege.ac.in/academicaudit_committee?section=committee_members&year=2022-23.html" [1]
2026-10-08 02:04:03 URL:https://avanthienggcollege.ac.in/academicaudit_committee?section=committee_members&year=2021-22 [142884] -> "avanthienggcollege.ac.in/academicaudit_committee?section=committee_members&year=2021-22.html" [1]
2026-10-08 02:04:04 URL:https://avanthienggcollege.ac.in/academicaudit_committee?section=audit&year=2024-25 [142943] -> "avanthienggcollege.ac.in/academicaudit_committee?section=audit&year=2024-25.html" [1]
2026-10-08 02:04:04 URL:https://avanthienggcollege.ac.in/academicaudit_committee?section=audit&year=2023-24 [142943] -> "avanthienggcollege.ac.in/academicaudit_committee?section=audit&year=2023-24.html" [1]
2026-10-08 02:04:05 URL:https://avanthienggcollege.ac.in/academicaudit_committee?section=audit&year=2022-23 [142943] -> "avanthienggcollege.ac.in/academicaudit_committee?section=audit&year=2022-23.html" [1]
2026-10-08 02:04:05 URL:https://avanthienggcollege.ac.in/academicaudit_committee?section=audit&year=2021-22 [142943] -> "avanthienggcollege.ac.in/academicaudit_committee?section=audit&year=2021-22.html" [1]
2026-10-08 02:04:06 URL:https://avanthienggcollege.ac.in/r_and_d_committee?section=facilities&facilities_tab=research_centers [147195] -> "avanthienggcollege.ac.in/r_and_d_committee?section=facilities&facilities_tab=research_centers.html" [1]
2026-10-08 02:04:06 URL:https://avanthienggcollege.ac.in/r_and_d_committee?section=facilities&facilities_tab=ecosystem [142838] -> "avanthienggcollege.ac.in/r_and_d_committee?section=facilities&facilities_tab=ecosystem.html" [1]
2026-10-08 02:04:07 URL:https://avanthienggcollege.ac.in/r_and_d_committee?section=committee_members&year=2025-26 [159228] -> "avanthienggcollege.ac.in/r_and_d_committee?section=committee_members&year=2025-26.html" [1]
2026-10-08 02:04:07 URL:https://avanthienggcollege.ac.in/r_and_d_committee?section=committee_members&year=2024-25 [143468] -> "avanthienggcollege.ac.in/r_and_d_committee?section=committee_members&year=2024-25.html" [1]
2026-10-08 02:04:08 URL:https://avanthienggcollege.ac.in/r_and_d_committee?section=committee_members&year=2023-24 [143468] -> "avanthienggcollege.ac.in/r_and_d_committee?section=committee_members&year=2023-24.html" [1]
2026-10-08 02:04:08 URL:https://avanthienggcollege.ac.in/r_and_d_committee?section=committee_members&year=2024-23 [143468] -> "avanthienggcollege.ac.in/r_and_d_committee?section=committee_members&year=2024-23.html" [1]
2026-10-08 02:04:09 URL:https://avanthienggcollege.ac.in/r_and_d_committee?section=committee_members&year=2022-21 [143468] -> "avanthienggcollege.ac.in/r_and_d_committee?section=committee_members&year=2022-21.html" [1]
2026-10-08 02:04:09 URL:https://avanthienggcollege.ac.in/r_and_d_committee?section=events&year=2025-26 [144767] -> "avanthienggcollege.ac.in/r_and_d_committee?section=events&year=2025-26.html" [1]
2026-10-08 02:04:09 URL:https://avanthienggcollege.ac.in/r_and_d_committee?section=events&year=2024-25 [144767] -> "avanthienggcollege.ac.in/r_and_d_committee?section=events&year=2024-25.html" [1]
2026-10-08 02:04:10 URL:https://avanthienggcollege.ac.in/r_and_d_committee?section=events&year=2023-24 [147381] -> "avanthienggcollege.ac.in/r_and_d_committee?section=events&year=2023-24.html" [1]
2026-10-08 02:04:10 URL:https://avanthienggcollege.ac.in/r_and_d_committee?section=events&year=2022-23 [144767] -> "avanthienggcollege.ac.in/r_and_d_committee?section=events&year=2022-23.html" [1]
2026-10-08 02:04:11 URL:https://avanthienggcollege.ac.in/r_and_d_committee?section=events&year=2021-22 [145185] -> "avanthienggcollege.ac.in/r_and_d_committee?section=events&year=2021-22.html" [1]
2026-10-08 02:04:12 URL:https://avanthienggcollege.ac.in/r_and_d_committee?section=events&year=2020-21 [145685] -> "avanthienggcollege.ac.in/r_and_d_committee?section=events&year=2020-21.html" [1]
2026-10-08 02:04:13 URL:https://avanthienggcollege.ac.in/r_and_d_committee?section=events&year=2019-20 [146220] -> "avanthienggcollege.ac.in/r_and_d_committee?section=events&year=2019-20.html" [1]
2026-10-08 02:04:13 URL:https://avanthienggcollege.ac.in/r_and_d_committee?section=events&year=2018-19 [145691] -> "avanthienggcollege.ac.in/r_and_d_committee?section=events&year=2018-19.html" [1]
2026-10-08 02:04:14 URL:https://avanthienggcollege.ac.in/r_and_d_committee?section=events&year=2017-18 [145124] -> "avanthienggcollege.ac.in/r_and_d_committee?section=events&year=2017-18.html" [1]
2026-10-08 02:04:14 URL:https://avanthienggcollege.ac.in/r_and_d_committee?section=events&year=2016-17 [145687] -> "avanthienggcollege.ac.in/r_and_d_committee?section=events&year=2016-17.html" [1]
2026-10-08 02:04:15 URL:https://avanthienggcollege.ac.in/r_and_d_committee?section=funds&funds_tab=grants [143120] -> "avanthienggcollege.ac.in/r_and_d_committee?section=funds&funds_tab=grants.html" [1]
2026-10-08 02:04:15 URL:https://avanthienggcollege.ac.in/r_and_d_committee?section=funds&funds_tab=awards [144293] -> "avanthienggcollege.ac.in/r_and_d_committee?section=funds&funds_tab=awards.html" [1]
2026-10-08 02:04:16 URL:https://avanthienggcollege.ac.in/finance_committee?section=committee_members&year=2025-26 [132129] -> "avanthienggcollege.ac.in/finance_committee?section=committee_members&year=2025-26.html" [1]
2026-10-08 02:04:16 URL:https://avanthienggcollege.ac.in/finance_committee?section=committee_members&year=2024-25 [130128] -> "avanthienggcollege.ac.in/finance_committee?section=committee_members&year=2024-25.html" [1]
2026-10-08 02:04:17 URL:https://avanthienggcollege.ac.in/finance_committee?section=committee_members&year=2023-24 [130128] -> "avanthienggcollege.ac.in/finance_committee?section=committee_members&year=2023-24.html" [1]
2026-10-08 02:04:17 URL:https://avanthienggcollege.ac.in/finance_committee?section=committee_members&year=2022-23 [130128] -> "avanthienggcollege.ac.in/finance_committee?section=committee_members&year=2022-23.html" [1]
2026-10-08 02:04:17 URL:https://avanthienggcollege.ac.in/finance_committee?section=committee_members&year=2021-22 [130128] -> "avanthienggcollege.ac.in/finance_committee?section=committee_members&year=2021-22.html" [1]
2026-10-08 02:04:18 URL:https://avanthienggcollege.ac.in/finance_committee?section=year_budgeting&year=2025-26 [131969] -> "avanthienggcollege.ac.in/finance_committee?section=year_budgeting&year=2025-26.html" [1]
2026-10-08 02:04:18 URL:https://avanthienggcollege.ac.in/finance_committee?section=year_budgeting&year=2024-25 [131972] -> "avanthienggcollege.ac.in/finance_committee?section=year_budgeting&year=2024-25.html" [1]
2026-10-08 02:04:19 URL:https://avanthienggcollege.ac.in/finance_committee?section=year_budgeting&year=2023-24 [131679] -> "avanthienggcollege.ac.in/finance_committee?section=year_budgeting&year=2023-24.html" [1]
2026-10-08 02:04:19 URL:https://avanthienggcollege.ac.in/finance_committee?section=year_budgeting&year=2022-23 [131679] -> "avanthienggcollege.ac.in/finance_committee?section=year_budgeting&year=2022-23.html" [1]
2026-10-08 02:04:20 URL:https://avanthienggcollege.ac.in/finance_committee?section=year_budgeting&year=2021-22 [131679] -> "avanthienggcollege.ac.in/finance_committee?section=year_budgeting&year=2021-22.html" [1]
2026-10-08 02:04:20 URL:https://avanthienggcollege.ac.in/finance_committee?section=year_budgeting&year=2020-21 [131679] -> "avanthienggcollege.ac.in/finance_committee?section=year_budgeting&year=2020-21.html" [1]
2026-10-08 02:04:21 URL:https://avanthienggcollege.ac.in/finance_committee?section=year_budgeting&year=2019-20 [131679] -> "avanthienggcollege.ac.in/finance_committee?section=year_budgeting&year=2019-20.html" [1]
2026-10-08 02:04:21 URL:https://avanthienggcollege.ac.in/finance_committee?section=year_budgeting&year=2018-19 [131679] -> "avanthienggcollege.ac.in/finance_committee?section=year_budgeting&year=2018-19.html" [1]
2026-10-08 02:04:21 URL:https://avanthienggcollege.ac.in/finance_committee?section=year_budgeting&year=2017-18 [131679] -> "avanthienggcollege.ac.in/finance_committee?section=year_budgeting&year=2017-18.html" [1]
2026-10-08 02:04:22 URL:https://avanthienggcollege.ac.in/finance_committee?section=year_budgeting&year=2016-17 [131679] -> "avanthienggcollege.ac.in/finance_committee?section=year_budgeting&year=2016-17.html" [1]
2026-10-08 02:04:22 URL:https://avanthienggcollege.ac.in/finance_committee?section=year_budgeting&year=2015-16 [131679] -> "avanthienggcollege.ac.in/finance_committee?section=year_budgeting&year=2015-16.html" [1]
2026-10-08 02:04:23 URL:https://avanthienggcollege.ac.in/finance_committee?section=audit_statement&year=2024-25 [131906] -> "avanthienggcollege.ac.in/finance_committee?section=audit_statement&year=2024-25.html" [1]
2026-10-08 02:04:23 URL:https://avanthienggcollege.ac.in/finance_committee?section=audit_statement&year=2023-24 [131906] -> "avanthienggcollege.ac.in/finance_committee?section=audit_statement&year=2023-24.html" [1]
2026-10-08 02:04:24 URL:https://avanthienggcollege.ac.in/finance_committee?section=audit_statement&year=2022-23 [131906] -> "avanthienggcollege.ac.in/finance_committee?section=audit_statement&year=2022-23.html" [1]
2026-10-08 02:04:24 URL:https://avanthienggcollege.ac.in/finance_committee?section=audit_statement&year=2021-22 [131906] -> "avanthienggcollege.ac.in/finance_committee?section=audit_statement&year=2021-22.html" [1]
2026-10-08 02:04:25 URL:https://avanthienggcollege.ac.in/finance_committee?section=audit_statement&year=2020-21 [131906] -> "avanthienggcollege.ac.in/finance_committee?section=audit_statement&year=2020-21.html" [1]
2026-10-08 02:04:25 URL:https://avanthienggcollege.ac.in/finance_committee?section=audit_statement&year=2019-20 [131906] -> "avanthienggcollege.ac.in/finance_committee?section=audit_statement&year=2019-20.html" [1]
2026-10-08 02:04:25 URL:https://avanthienggcollege.ac.in/finance_committee?section=audit_statement&year=2018-19 [131906] -> "avanthienggcollege.ac.in/finance_committee?section=audit_statement&year=2018-19.html" [1]
2026-10-08 02:04:26 URL:https://avanthienggcollege.ac.in/finance_committee?section=audit_statement&year=2017-18 [131906] -> "avanthienggcollege.ac.in/finance_committee?section=audit_statement&year=2017-18.html" [1]
2026-10-08 02:04:26 URL:https://avanthienggcollege.ac.in/finance_committee?section=audit_statement&year=2016-17 [131906] -> "avanthienggcollege.ac.in/finance_committee?section=audit_statement&year=2016-17.html" [1]
2026-10-08 02:04:27 URL:https://avanthienggcollege.ac.in/finance_committee?section=audit_statement&year=2015-16 [131906] -> "avanthienggcollege.ac.in/finance_committee?section=audit_statement&year=2015-16.html" [1]
2026-10-08 02:04:27 URL:https://avanthienggcollege.ac.in/finance_committee?section=audit_statement&year=2014-15 [131906] -> "avanthienggcollege.ac.in/finance_committee?section=audit_statement&year=2014-15.html" [1]
2026-10-08 02:04:28 URL:https://avanthienggcollege.ac.in/finance_committee?section=audit_statement&year=2013-14 [131906] -> "avanthienggcollege.ac.in/finance_committee?section=audit_statement&year=2013-14.html" [1]
2026-10-08 02:04:28 URL:https://avanthienggcollege.ac.in/purchase_committee?section=committee_members&year=2025-26 [144481] -> "avanthienggcollege.ac.in/purchase_committee?section=committee_members&year=2025-26.html" [1]
2026-10-08 02:04:28 URL:https://avanthienggcollege.ac.in/purchase_committee?section=committee_members&year=2024-25 [142585] -> "avanthienggcollege.ac.in/purchase_committee?section=committee_members&year=2024-25.html" [1]
2026-10-08 02:04:29 URL:https://avanthienggcollege.ac.in/purchase_committee?section=committee_members&year=2023-24 [142585] -> "avanthienggcollege.ac.in/purchase_committee?section=committee_members&year=2023-24.html" [1]
2026-10-08 02:04:29 URL:https://avanthienggcollege.ac.in/purchase_committee?section=committee_members&year=2022-23 [142585] -> "avanthienggcollege.ac.in/purchase_committee?section=committee_members&year=2022-23.html" [1]
2026-10-08 02:04:30 URL:https://avanthienggcollege.ac.in/purchase_committee?section=committee_members&year=2021-22 [142585] -> "avanthienggcollege.ac.in/purchase_committee?section=committee_members&year=2021-22.html" [1]
2026-10-08 02:04:30 URL:https://avanthienggcollege.ac.in/equipment_maintainance__committee?section=committee_members&year=2025-26 [146751] -> "avanthienggcollege.ac.in/equipment_maintainance__committee?section=committee_members&year=2025-26.html" [1]
2026-10-08 02:04:31 URL:https://avanthienggcollege.ac.in/equipment_maintainance__committee?section=committee_members&year=2024-25 [144311] -> "avanthienggcollege.ac.in/equipment_maintainance__committee?section=committee_members&year=2024-25.html" [1]
2026-10-08 02:04:31 URL:https://avanthienggcollege.ac.in/equipment_maintainance__committee?section=committee_members&year=2023-24 [144311] -> "avanthienggcollege.ac.in/equipment_maintainance__committee?section=committee_members&year=2023-24.html" [1]
2026-10-08 02:04:32 URL:https://avanthienggcollege.ac.in/equipment_maintainance__committee?section=committee_members&year=2022-23 [144311] -> "avanthienggcollege.ac.in/equipment_maintainance__committee?section=committee_members&year=2022-23.html" [1]
2026-10-08 02:04:32 URL:https://avanthienggcollege.ac.in/equipment_maintainance__committee?section=committee_members&year=2021-22 [144311] -> "avanthienggcollege.ac.in/equipment_maintainance__committee?section=committee_members&year=2021-22.html" [1]
2026-10-08 02:04:32 URL:https://avanthienggcollege.ac.in/greivance_redressal_committee?section=committee_members&year=2025-26 [146476] -> "avanthienggcollege.ac.in/greivance_redressal_committee?section=committee_members&year=2025-26.html" [1]
2026-10-08 02:04:33 URL:https://avanthienggcollege.ac.in/greivance_redressal_committee?section=committee_members&year=2024-25 [143840] -> "avanthienggcollege.ac.in/greivance_redressal_committee?section=committee_members&year=2024-25.html" [1]
2026-10-08 02:04:33 URL:https://avanthienggcollege.ac.in/greivance_redressal_committee?section=committee_members&year=2023-24 [143840] -> "avanthienggcollege.ac.in/greivance_redressal_committee?section=committee_members&year=2023-24.html" [1]
2026-10-08 02:04:34 URL:https://avanthienggcollege.ac.in/greivance_redressal_committee?section=committee_members&year=2022-23 [143840] -> "avanthienggcollege.ac.in/greivance_redressal_committee?section=committee_members&year=2022-23.html" [1]
2026-10-08 02:04:34 URL:https://avanthienggcollege.ac.in/greivance_redressal_committee?section=committee_members&year=2021-22 [143840] -> "avanthienggcollege.ac.in/greivance_redressal_committee?section=committee_members&year=2021-22.html" [1]
2026-10-08 02:04:35 URL:https://avanthienggcollege.ac.in/greivance_redressal_committee?section=action_taken&year=2025-26 [143866] -> "avanthienggcollege.ac.in/greivance_redressal_committee?section=action_taken&year=2025-26.html" [1]
2026-10-08 02:04:35 URL:https://avanthienggcollege.ac.in/greivance_redressal_committee?section=action_taken&year=2024-25 [143866] -> "avanthienggcollege.ac.in/greivance_redressal_committee?section=action_taken&year=2024-25.html" [1]
2026-10-08 02:04:36 URL:https://avanthienggcollege.ac.in/greivance_redressal_committee?section=action_taken&year=2023-24 [143866] -> "avanthienggcollege.ac.in/greivance_redressal_committee?section=action_taken&year=2023-24.html" [1]
2026-10-08 02:04:36 URL:https://avanthienggcollege.ac.in/greivance_redressal_committee?section=action_taken&year=2022-23 [143866] -> "avanthienggcollege.ac.in/greivance_redressal_committee?section=action_taken&year=2022-23.html" [1]
2026-10-08 02:04:36 URL:https://avanthienggcollege.ac.in/greivance_redressal_committee?section=action_taken&year=2021-22 [143866] -> "avanthienggcollege.ac.in/greivance_redressal_committee?section=action_taken&year=2021-22.html" [1]
2026-10-08 02:04:37 URL:https://avanthienggcollege.ac.in/greivance_redressal_committee?section=events&year=2025-26 [143830] -> "avanthienggcollege.ac.in/greivance_redressal_committee?section=events&year=2025-26.html" [1]
2026-10-08 02:04:37 URL:https://avanthienggcollege.ac.in/greivance_redressal_committee?section=events&year=2024-25 [143830] -> "avanthienggcollege.ac.in/greivance_redressal_committee?section=events&year=2024-25.html" [1]
2026-10-08 02:04:38 URL:https://avanthienggcollege.ac.in/greivance_redressal_committee?section=events&year=2023-24 [143830] -> "avanthienggcollege.ac.in/greivance_redressal_committee?section=events&year=2023-24.html" [1]
2026-10-08 02:04:38 URL:https://avanthienggcollege.ac.in/greivance_redressal_committee?section=events&year=2022-23 [143830] -> "avanthienggcollege.ac.in/greivance_redressal_committee?section=events&year=2022-23.html" [1]
2026-10-08 02:04:39 URL:https://avanthienggcollege.ac.in/greivance_redressal_committee?section=events&year=2021-22 [143830] -> "avanthienggcollege.ac.in/greivance_redressal_committee?section=events&year=2021-22.html" [1]
2026-10-08 02:04:39 URL:https://avanthienggcollege.ac.in/sc_st_greivance_committee?section=committee_members&year=2025-26 [130272] -> "avanthienggcollege.ac.in/sc_st_greivance_committee?section=committee_members&year=2025-26.html" [1]
2026-10-08 02:04:40 URL:https://avanthienggcollege.ac.in/sc_st_greivance_committee?section=committee_members&year=2024-25 [127418] -> "avanthienggcollege.ac.in/sc_st_greivance_committee?section=committee_members&year=2024-25.html" [1]
2026-10-08 02:04:40 URL:https://avanthienggcollege.ac.in/sc_st_greivance_committee?section=committee_members&year=2023-24 [127418] -> "avanthienggcollege.ac.in/sc_st_greivance_committee?section=committee_members&year=2023-24.html" [1]
2026-10-08 02:04:40 URL:https://avanthienggcollege.ac.in/sc_st_greivance_committee?section=committee_members&year=2022-23 [127418] -> "avanthienggcollege.ac.in/sc_st_greivance_committee?section=committee_members&year=2022-23.html" [1]
2026-10-08 02:04:41 URL:https://avanthienggcollege.ac.in/sc_st_greivance_committee?section=committee_members&year=2021-22 [127418] -> "avanthienggcollege.ac.in/sc_st_greivance_committee?section=committee_members&year=2021-22.html" [1]
2026-10-08 02:04:41 URL:https://avanthienggcollege.ac.in/sc_st_greivance_committee?section=scholarships&year=2025-26 [127402] -> "avanthienggcollege.ac.in/sc_st_greivance_committee?section=scholarships&year=2025-26.html" [1]
2026-10-08 02:04:42 URL:https://avanthienggcollege.ac.in/sc_st_greivance_committee?section=scholarships&year=2024-25 [127402] -> "avanthienggcollege.ac.in/sc_st_greivance_committee?section=scholarships&year=2024-25.html" [1]
2026-10-08 02:04:42 URL:https://avanthienggcollege.ac.in/sc_st_greivance_committee?section=scholarships&year=2023-24 [127402] -> "avanthienggcollege.ac.in/sc_st_greivance_committee?section=scholarships&year=2023-24.html" [1]
2026-10-08 02:04:43 URL:https://avanthienggcollege.ac.in/sc_st_greivance_committee?section=scholarships&year=2022-23 [127402] -> "avanthienggcollege.ac.in/sc_st_greivance_committee?section=scholarships&year=2022-23.html" [1]
2026-10-08 02:04:43 URL:https://avanthienggcollege.ac.in/sc_st_greivance_committee?section=scholarships&year=2021-22 [127402] -> "avanthienggcollege.ac.in/sc_st_greivance_committee?section=scholarships&year=2021-22.html" [1]
2026-10-08 02:04:43 URL:https://avanthienggcollege.ac.in/sc_st_greivance_committee?section=freeships&year=2025-26 [127387] -> "avanthienggcollege.ac.in/sc_st_greivance_committee?section=freeships&year=2025-26.html" [1]
2026-10-08 02:04:44 URL:https://avanthienggcollege.ac.in/sc_st_greivance_committee?section=freeships&year=2024-25 [127387] -> "avanthienggcollege.ac.in/sc_st_greivance_committee?section=freeships&year=2024-25.html" [1]
2026-10-08 02:04:44 URL:https://avanthienggcollege.ac.in/sc_st_greivance_committee?section=freeships&year=2023-24 [127387] -> "avanthienggcollege.ac.in/sc_st_greivance_committee?section=freeships&year=2023-24.html" [1]
2026-10-08 02:04:45 URL:https://avanthienggcollege.ac.in/sc_st_greivance_committee?section=freeships&year=2022-23 [127387] -> "avanthienggcollege.ac.in/sc_st_greivance_committee?section=freeships&year=2022-23.html" [1]
2026-10-08 02:04:45 URL:https://avanthienggcollege.ac.in/sc_st_greivance_committee?section=freeships&year=2021-22 [127387] -> "avanthienggcollege.ac.in/sc_st_greivance_committee?section=freeships&year=2021-22.html" [1]
2026-10-08 02:04:46 URL:https://avanthienggcollege.ac.in/sc_st_greivance_committee?section=training&year=2025-26 [127382] -> "avanthienggcollege.ac.in/sc_st_greivance_committee?section=training&year=2025-26.html" [1]
2026-10-08 02:04:46 URL:https://avanthienggcollege.ac.in/sc_st_greivance_committee?section=training&year=2024-25 [127382] -> "avanthienggcollege.ac.in/sc_st_greivance_committee?section=training&year=2024-25.html" [1]
2026-10-08 02:04:47 URL:https://avanthienggcollege.ac.in/sc_st_greivance_committee?section=training&year=2023-24 [127382] -> "avanthienggcollege.ac.in/sc_st_greivance_committee?section=training&year=2023-24.html" [1]
2026-10-08 02:04:47 URL:https://avanthienggcollege.ac.in/sc_st_greivance_committee?section=training&year=2022-23 [127382] -> "avanthienggcollege.ac.in/sc_st_greivance_committee?section=training&year=2022-23.html" [1]
2026-10-08 02:04:47 URL:https://avanthienggcollege.ac.in/sc_st_greivance_committee?section=training&year=2021-22 [127382] -> "avanthienggcollege.ac.in/sc_st_greivance_committee?section=training&year=2021-22.html" [1]
2026-10-08 02:04:48 URL:https://avanthienggcollege.ac.in/antiragging_committee?section=committee_members&year=2025-26 [131679] -> "avanthienggcollege.ac.in/antiragging_committee?section=committee_members&year=2025-26.html" [1]
2026-10-08 02:04:48 URL:https://avanthienggcollege.ac.in/antiragging_committee?section=committee_members&year=2024-25 [127393] -> "avanthienggcollege.ac.in/antiragging_committee?section=committee_members&year=2024-25.html" [1]
2026-10-08 02:04:49 URL:https://avanthienggcollege.ac.in/antiragging_committee?section=committee_members&year=2023-24 [127393] -> "avanthienggcollege.ac.in/antiragging_committee?section=committee_members&year=2023-24.html" [1]
2026-10-08 02:04:49 URL:https://avanthienggcollege.ac.in/antiragging_committee?section=committee_members&year=2022-23 [127393] -> "avanthienggcollege.ac.in/antiragging_committee?section=committee_members&year=2022-23.html" [1]
2026-10-08 02:04:50 URL:https://avanthienggcollege.ac.in/antiragging_committee?section=committee_members&year=2021-22 [127393] -> "avanthienggcollege.ac.in/antiragging_committee?section=committee_members&year=2021-22.html" [1]
2026-10-08 02:04:50 URL:https://avanthienggcollege.ac.in/antiragging_committee?section=squad_vigilance&year=2025-26 [127392] -> "avanthienggcollege.ac.in/antiragging_committee?section=squad_vigilance&year=2025-26.html" [1]
2026-10-08 02:04:50 URL:https://avanthienggcollege.ac.in/antiragging_committee?section=squad_vigilance&year=2024-25 [127392] -> "avanthienggcollege.ac.in/antiragging_committee?section=squad_vigilance&year=2024-25.html" [1]
2026-10-08 02:04:51 URL:https://avanthienggcollege.ac.in/antiragging_committee?section=squad_vigilance&year=2023-24 [127392] -> "avanthienggcollege.ac.in/antiragging_committee?section=squad_vigilance&year=2023-24.html" [1]
2026-10-08 02:04:51 URL:https://avanthienggcollege.ac.in/antiragging_committee?section=squad_vigilance&year=2022-23 [127392] -> "avanthienggcollege.ac.in/antiragging_committee?section=squad_vigilance&year=2022-23.html" [1]
2026-10-08 02:04:52 URL:https://avanthienggcollege.ac.in/antiragging_committee?section=squad_vigilance&year=2021-22 [127392] -> "avanthienggcollege.ac.in/antiragging_committee?section=squad_vigilance&year=2021-22.html" [1]
2026-10-08 02:04:52 URL:https://avanthienggcollege.ac.in/antiragging_committee?section=gos&year=2025-26 [127332] -> "avanthienggcollege.ac.in/antiragging_committee?section=gos&year=2025-26.html" [1]
2026-10-08 02:04:53 URL:https://avanthienggcollege.ac.in/antiragging_committee?section=gos&year=2024-25 [127332] -> "avanthienggcollege.ac.in/antiragging_committee?section=gos&year=2024-25.html" [1]
2026-10-08 02:04:53 URL:https://avanthienggcollege.ac.in/antiragging_committee?section=gos&year=2023-24 [127332] -> "avanthienggcollege.ac.in/antiragging_committee?section=gos&year=2023-24.html" [1]
2026-10-08 02:04:53 URL:https://avanthienggcollege.ac.in/antiragging_committee?section=gos&year=2022-23 [127332] -> "avanthienggcollege.ac.in/antiragging_committee?section=gos&year=2022-23.html" [1]
2026-10-08 02:04:54 URL:https://avanthienggcollege.ac.in/antiragging_committee?section=gos&year=2021-22 [127332] -> "avanthienggcollege.ac.in/antiragging_committee?section=gos&year=2021-22.html" [1]
2026-10-08 02:04:54 URL:https://avanthienggcollege.ac.in/antiragging_committee?section=events&year=2025-26 [127347] -> "avanthienggcollege.ac.in/antiragging_committee?section=events&year=2025-26.html" [1]
2026-10-08 02:04:55 URL:https://avanthienggcollege.ac.in/antiragging_committee?section=events&year=2024-25 [127347] -> "avanthienggcollege.ac.in/antiragging_committee?section=events&year=2024-25.html" [1]
2026-10-08 02:04:55 URL:https://avanthienggcollege.ac.in/antiragging_committee?section=events&year=2023-24 [127347] -> "avanthienggcollege.ac.in/antiragging_committee?section=events&year=2023-24.html" [1]
2026-10-08 02:04:56 URL:https://avanthienggcollege.ac.in/antiragging_committee?section=events&year=2022-23 [127347] -> "avanthienggcollege.ac.in/antiragging_committee?section=events&year=2022-23.html" [1]
2026-10-08 02:04:56 URL:https://avanthienggcollege.ac.in/antiragging_committee?section=events&year=2021-22 [127347] -> "avanthienggcollege.ac.in/antiragging_committee?section=events&year=2021-22.html" [1]
2026-10-08 02:04:58 URL:https://avanthienggcollege.ac.in/internal_complaints_committe?section=committee_members&year=2025-26 [130319] -> "avanthienggcollege.ac.in/internal_complaints_committe?section=committee_members&year=2025-26.html" [1]
2026-10-08 02:04:58 URL:https://avanthienggcollege.ac.in/internal_complaints_committe?section=committee_members&year=2024-25 [127461] -> "avanthienggcollege.ac.in/internal_complaints_committe?section=committee_members&year=2024-25.html" [1]
2026-10-08 02:04:59 URL:https://avanthienggcollege.ac.in/internal_complaints_committe?section=committee_members&year=2023-24 [127461] -> "avanthienggcollege.ac.in/internal_complaints_committe?section=committee_members&year=2023-24.html" [1]
2026-10-08 02:04:59 URL:https://avanthienggcollege.ac.in/internal_complaints_committe?section=committee_members&year=2022-23 [127461] -> "avanthienggcollege.ac.in/internal_complaints_committe?section=committee_members&year=2022-23.html" [1]
2026-10-08 02:05:00 URL:https://avanthienggcollege.ac.in/internal_complaints_committe?section=committee_members&year=2021-22 [127461] -> "avanthienggcollege.ac.in/internal_complaints_committe?section=committee_members&year=2021-22.html" [1]
2026-10-08 02:05:00 URL:https://avanthienggcollege.ac.in/internal_complaints_committe?section=events&year=2025-26 [127415] -> "avanthienggcollege.ac.in/internal_complaints_committe?section=events&year=2025-26.html" [1]
2026-10-08 02:05:01 URL:https://avanthienggcollege.ac.in/internal_complaints_committe?section=events&year=2024-25 [127415] -> "avanthienggcollege.ac.in/internal_complaints_committe?section=events&year=2024-25.html" [1]
2026-10-08 02:05:01 URL:https://avanthienggcollege.ac.in/internal_complaints_committe?section=events&year=2023-24 [127415] -> "avanthienggcollege.ac.in/internal_complaints_committe?section=events&year=2023-24.html" [1]
2026-10-08 02:05:02 URL:https://avanthienggcollege.ac.in/internal_complaints_committe?section=events&year=2022-23 [127415] -> "avanthienggcollege.ac.in/internal_complaints_committe?section=events&year=2022-23.html" [1]
2026-10-08 02:05:02 URL:https://avanthienggcollege.ac.in/internal_complaints_committe?section=events&year=2021-22 [127415] -> "avanthienggcollege.ac.in/internal_complaints_committe?section=events&year=2021-22.html" [1]
2026-10-08 02:05:03 URL:https://avanthienggcollege.ac.in/internal_complaints_committe?section=cross_cutting_issues&year=2025-26 [127485] -> "avanthienggcollege.ac.in/internal_complaints_committe?section=cross_cutting_issues&year=2025-26.html" [1]
2026-10-08 02:05:03 URL:https://avanthienggcollege.ac.in/internal_complaints_committe?section=cross_cutting_issues&year=2024-25 [127485] -> "avanthienggcollege.ac.in/internal_complaints_committe?section=cross_cutting_issues&year=2024-25.html" [1]
2026-10-08 02:05:04 URL:https://avanthienggcollege.ac.in/internal_complaints_committe?section=cross_cutting_issues&year=2023-24 [127485] -> "avanthienggcollege.ac.in/internal_complaints_committe?section=cross_cutting_issues&year=2023-24.html" [1]
2026-10-08 02:05:04 URL:https://avanthienggcollege.ac.in/internal_complaints_committe?section=cross_cutting_issues&year=2022-23 [127485] -> "avanthienggcollege.ac.in/internal_complaints_committe?section=cross_cutting_issues&year=2022-23.html" [1]
2026-10-08 02:05:04 URL:https://avanthienggcollege.ac.in/internal_complaints_committe?section=cross_cutting_issues&year=2021-22 [127485] -> "avanthienggcollege.ac.in/internal_complaints_committe?section=cross_cutting_issues&year=2021-22.html" [1]
2026-10-08 02:05:05 URL:https://avanthienggcollege.ac.in/internal_complaints_committe?section=action_taken&year=2025-26 [127445] -> "avanthienggcollege.ac.in/internal_complaints_committe?section=action_taken&year=2025-26.html" [1]
2026-10-08 02:05:05 URL:https://avanthienggcollege.ac.in/internal_complaints_committe?section=action_taken&year=2024-25 [127445] -> "avanthienggcollege.ac.in/internal_complaints_committe?section=action_taken&year=2024-25.html" [1]
2026-10-08 02:05:06 URL:https://avanthienggcollege.ac.in/internal_complaints_committe?section=action_taken&year=2023-24 [127445] -> "avanthienggcollege.ac.in/internal_complaints_committe?section=action_taken&year=2023-24.html" [1]
2026-10-08 02:05:06 URL:https://avanthienggcollege.ac.in/internal_complaints_committe?section=action_taken&year=2022-23 [127445] -> "avanthienggcollege.ac.in/internal_complaints_committe?section=action_taken&year=2022-23.html" [1]
2026-10-08 02:05:07 URL:https://avanthienggcollege.ac.in/internal_complaints_committe?section=action_taken&year=2021-22 [127445] -> "avanthienggcollege.ac.in/internal_complaints_committe?section=action_taken&year=2021-22.html" [1]
2026-10-08 02:05:07 URL:https://avanthienggcollege.ac.in/faculty_and_staff_grievanceredressal_committee?section=committee_members&year=2025-26 [129032] -> "avanthienggcollege.ac.in/faculty_and_staff_grievanceredressal_committee?section=committee_members&year=2025-26.html" [1]
2026-10-08 02:05:08 URL:https://avanthienggcollege.ac.in/faculty_and_staff_grievanceredressal_committee?section=committee_members&year=2024-25 [127372] -> "avanthienggcollege.ac.in/faculty_and_staff_grievanceredressal_committee?section=committee_members&year=2024-25.html" [1]
2026-10-08 02:05:08 URL:https://avanthienggcollege.ac.in/faculty_and_staff_grievanceredressal_committee?section=committee_members&year=2023-24 [127372] -> "avanthienggcollege.ac.in/faculty_and_staff_grievanceredressal_committee?section=committee_members&year=2023-24.html" [1]
2026-10-08 02:05:09 URL:https://avanthienggcollege.ac.in/faculty_and_staff_grievanceredressal_committee?section=committee_members&year=2022-23 [127372] -> "avanthienggcollege.ac.in/faculty_and_staff_grievanceredressal_committee?section=committee_members&year=2022-23.html" [1]
2026-10-08 02:05:09 URL:https://avanthienggcollege.ac.in/faculty_and_staff_grievanceredressal_committee?section=committee_members&year=2021-22 [127372] -> "avanthienggcollege.ac.in/faculty_and_staff_grievanceredressal_committee?section=committee_members&year=2021-22.html" [1]
2026-10-08 02:05:10 URL:https://avanthienggcollege.ac.in/faculty_and_staff_grievanceredressal_committee?section=events&year=2025-26 [127378] -> "avanthienggcollege.ac.in/faculty_and_staff_grievanceredressal_committee?section=events&year=2025-26.html" [1]
2026-10-08 02:05:10 URL:https://avanthienggcollege.ac.in/faculty_and_staff_grievanceredressal_committee?section=events&year=2024-25 [127378] -> "avanthienggcollege.ac.in/faculty_and_staff_grievanceredressal_committee?section=events&year=2024-25.html" [1]
2026-10-08 02:05:10 URL:https://avanthienggcollege.ac.in/faculty_and_staff_grievanceredressal_committee?section=events&year=2023-24 [127378] -> "avanthienggcollege.ac.in/faculty_and_staff_grievanceredressal_committee?section=events&year=2023-24.html" [1]
2026-10-08 02:05:11 URL:https://avanthienggcollege.ac.in/faculty_and_staff_grievanceredressal_committee?section=events&year=2022-23 [127378] -> "avanthienggcollege.ac.in/faculty_and_staff_grievanceredressal_committee?section=events&year=2022-23.html" [1]
2026-10-08 02:05:11 URL:https://avanthienggcollege.ac.in/faculty_and_staff_grievanceredressal_committee?section=events&year=2021-22 [127378] -> "avanthienggcollege.ac.in/faculty_and_staff_grievanceredressal_committee?section=events&year=2021-22.html" [1]
2026-10-08 02:05:12 URL:https://avanthienggcollege.ac.in/faculty_and_staff_grievanceredressal_committee?section=grievance&year=2025-26 [127393] -> "avanthienggcollege.ac.in/faculty_and_staff_grievanceredressal_committee?section=grievance&year=2025-26.html" [1]
2026-10-08 02:05:12 URL:https://avanthienggcollege.ac.in/faculty_and_staff_grievanceredressal_committee?section=grievance&year=2024-25 [127393] -> "avanthienggcollege.ac.in/faculty_and_staff_grievanceredressal_committee?section=grievance&year=2024-25.html" [1]
2026-10-08 02:05:13 URL:https://avanthienggcollege.ac.in/faculty_and_staff_grievanceredressal_committee?section=grievance&year=2023-24 [127393] -> "avanthienggcollege.ac.in/faculty_and_staff_grievanceredressal_committee?section=grievance&year=2023-24.html" [1]
2026-10-08 02:05:13 URL:https://avanthienggcollege.ac.in/faculty_and_staff_grievanceredressal_committee?section=grievance&year=2022-23 [127393] -> "avanthienggcollege.ac.in/faculty_and_staff_grievanceredressal_committee?section=grievance&year=2022-23.html" [1]
2026-10-08 02:05:14 URL:https://avanthienggcollege.ac.in/faculty_and_staff_grievanceredressal_committee?section=grievance&year=2021-22 [127393] -> "avanthienggcollege.ac.in/faculty_and_staff_grievanceredressal_committee?section=grievance&year=2021-22.html" [1]
2026-10-08 02:05:14 URL:https://avanthienggcollege.ac.in/faculty_and_staff_grievanceredressal_committee?section=action_taken&year=2025-26 [127408] -> "avanthienggcollege.ac.in/faculty_and_staff_grievanceredressal_committee?section=action_taken&year=2025-26.html" [1]
2026-10-08 02:05:15 URL:https://avanthienggcollege.ac.in/faculty_and_staff_grievanceredressal_committee?section=action_taken&year=2024-25 [127408] -> "avanthienggcollege.ac.in/faculty_and_staff_grievanceredressal_committee?section=action_taken&year=2024-25.html" [1]
2026-10-08 02:05:15 URL:https://avanthienggcollege.ac.in/faculty_and_staff_grievanceredressal_committee?section=action_taken&year=2023-24 [127408] -> "avanthienggcollege.ac.in/faculty_and_staff_grievanceredressal_committee?section=action_taken&year=2023-24.html" [1]
2026-10-08 02:05:16 URL:https://avanthienggcollege.ac.in/faculty_and_staff_grievanceredressal_committee?section=action_taken&year=2022-23 [127408] -> "avanthienggcollege.ac.in/faculty_and_staff_grievanceredressal_committee?section=action_taken&year=2022-23.html" [1]
2026-10-08 02:05:16 URL:https://avanthienggcollege.ac.in/faculty_and_staff_grievanceredressal_committee?section=action_taken&year=2021-22 [127408] -> "avanthienggcollege.ac.in/faculty_and_staff_grievanceredressal_committee?section=action_taken&year=2021-22.html" [1]
2026-10-08 02:05:17 URL:https://avanthienggcollege.ac.in/rti_committee?section=committee_members&year=2025-26 [145557] -> "avanthienggcollege.ac.in/rti_committee?section=committee_members&year=2025-26.html" [1]
2026-10-08 02:05:17 URL:https://avanthienggcollege.ac.in/rti_committee?section=committee_members&year=2024-25 [143754] -> "avanthienggcollege.ac.in/rti_committee?section=committee_members&year=2024-25.html" [1]
2026-10-08 02:05:17 URL:https://avanthienggcollege.ac.in/rti_committee?section=committee_members&year=2023-24 [143754] -> "avanthienggcollege.ac.in/rti_committee?section=committee_members&year=2023-24.html" [1]
2026-10-08 02:05:18 URL:https://avanthienggcollege.ac.in/rti_committee?section=committee_members&year=2022-23 [143754] -> "avanthienggcollege.ac.in/rti_committee?section=committee_members&year=2022-23.html" [1]
2026-10-08 02:05:18 URL:https://avanthienggcollege.ac.in/rti_committee?section=committee_members&year=2021-22 [143754] -> "avanthienggcollege.ac.in/rti_committee?section=committee_members&year=2021-22.html" [1]
2026-10-08 02:05:19 URL:https://avanthienggcollege.ac.in/rti_committee?section=squad_vigilance&year=2025-26 [143751] -> "avanthienggcollege.ac.in/rti_committee?section=squad_vigilance&year=2025-26.html" [1]
2026-10-08 02:05:19 URL:https://avanthienggcollege.ac.in/rti_committee?section=squad_vigilance&year=2024-25 [143751] -> "avanthienggcollege.ac.in/rti_committee?section=squad_vigilance&year=2024-25.html" [1]
2026-10-08 02:05:20 URL:https://avanthienggcollege.ac.in/rti_committee?section=squad_vigilance&year=2023-24 [143751] -> "avanthienggcollege.ac.in/rti_committee?section=squad_vigilance&year=2023-24.html" [1]
2026-10-08 02:05:20 URL:https://avanthienggcollege.ac.in/rti_committee?section=squad_vigilance&year=2022-23 [143751] -> "avanthienggcollege.ac.in/rti_committee?section=squad_vigilance&year=2022-23.html" [1]
2026-10-08 02:05:21 URL:https://avanthienggcollege.ac.in/rti_committee?section=squad_vigilance&year=2021-22 [143751] -> "avanthienggcollege.ac.in/rti_committee?section=squad_vigilance&year=2021-22.html" [1]
2026-10-08 02:05:21 URL:https://avanthienggcollege.ac.in/rti_committee?section=gos&year=2025-26 [143678] -> "avanthienggcollege.ac.in/rti_committee?section=gos&year=2025-26.html" [1]
2026-10-08 02:05:22 URL:https://avanthienggcollege.ac.in/rti_committee?section=gos&year=2024-25 [143678] -> "avanthienggcollege.ac.in/rti_committee?section=gos&year=2024-25.html" [1]
2026-10-08 02:05:22 URL:https://avanthienggcollege.ac.in/rti_committee?section=gos&year=2023-24 [143678] -> "avanthienggcollege.ac.in/rti_committee?section=gos&year=2023-24.html" [1]
2026-10-08 02:05:23 URL:https://avanthienggcollege.ac.in/rti_committee?section=gos&year=2022-23 [143678] -> "avanthienggcollege.ac.in/rti_committee?section=gos&year=2022-23.html" [1]
2026-10-08 02:05:23 URL:https://avanthienggcollege.ac.in/rti_committee?section=gos&year=2021-22 [143678] -> "avanthienggcollege.ac.in/rti_committee?section=gos&year=2021-22.html" [1]
2026-10-08 02:05:24 URL:https://avanthienggcollege.ac.in/rti_committee?section=events&year=2025-26 [143696] -> "avanthienggcollege.ac.in/rti_committee?section=events&year=2025-26.html" [1]
2026-10-08 02:05:24 URL:https://avanthienggcollege.ac.in/rti_committee?section=events&year=2024-25 [143696] -> "avanthienggcollege.ac.in/rti_committee?section=events&year=2024-25.html" [1]
2026-10-08 02:05:25 URL:https://avanthienggcollege.ac.in/rti_committee?section=events&year=2023-24 [143696] -> "avanthienggcollege.ac.in/rti_committee?section=events&year=2023-24.html" [1]
2026-10-08 02:05:25 URL:https://avanthienggcollege.ac.in/rti_committee?section=events&year=2022-23 [143696] -> "avanthienggcollege.ac.in/rti_committee?section=events&year=2022-23.html" [1]
2026-10-08 02:05:26 URL:https://avanthienggcollege.ac.in/rti_committee?section=events&year=2021-22 [143696] -> "avanthienggcollege.ac.in/rti_committee?section=events&year=2021-22.html" [1]
2026-10-08 02:05:26 URL:https://avanthienggcollege.ac.in/library_maintenance_committee?section=committee_members&year=2025-26 [147277] -> "avanthienggcollege.ac.in/library_maintenance_committee?section=committee_members&year=2025-26.html" [1]
2026-10-08 02:05:26 URL:https://avanthienggcollege.ac.in/library_maintenance_committee?section=committee_members&year=2024-25 [144416] -> "avanthienggcollege.ac.in/library_maintenance_committee?section=committee_members&year=2024-25.html" [1]
2026-10-08 02:05:27 URL:https://avanthienggcollege.ac.in/library_maintenance_committee?section=committee_members&year=2023-24 [144416] -> "avanthienggcollege.ac.in/library_maintenance_committee?section=committee_members&year=2023-24.html" [1]
2026-10-08 02:05:27 URL:https://avanthienggcollege.ac.in/library_maintenance_committee?section=committee_members&year=2022-23 [144416] -> "avanthienggcollege.ac.in/library_maintenance_committee?section=committee_members&year=2022-23.html" [1]
2026-10-08 02:05:28 URL:https://avanthienggcollege.ac.in/library_maintenance_committee?section=committee_members&year=2021-22 [144416] -> "avanthienggcollege.ac.in/library_maintenance_committee?section=committee_members&year=2021-22.html" [1]
2026-10-08 02:05:28 URL:https://avanthienggcollege.ac.in/transport_maintainance_committee?section=committee_members&year=2025-26 [130443] -> "avanthienggcollege.ac.in/transport_maintainance_committee?section=committee_members&year=2025-26.html" [1]
2026-10-08 02:05:29 URL:https://avanthienggcollege.ac.in/transport_maintainance_committee?section=committee_members&year=2024-25 [127347] -> "avanthienggcollege.ac.in/transport_maintainance_committee?section=committee_members&year=2024-25.html" [1]
2026-10-08 02:05:29 URL:https://avanthienggcollege.ac.in/transport_maintainance_committee?section=committee_members&year=2023-24 [127347] -> "avanthienggcollege.ac.in/transport_maintainance_committee?section=committee_members&year=2023-24.html" [1]
2026-10-08 02:05:30 URL:https://avanthienggcollege.ac.in/transport_maintainance_committee?section=committee_members&year=2022-23 [127347] -> "avanthienggcollege.ac.in/transport_maintainance_committee?section=committee_members&year=2022-23.html" [1]
2026-10-08 02:05:30 URL:https://avanthienggcollege.ac.in/transport_maintainance_committee?section=committee_members&year=2021-22 [127347] -> "avanthienggcollege.ac.in/transport_maintainance_committee?section=committee_members&year=2021-22.html" [1]
2026-10-08 02:05:31 URL:https://avanthienggcollege.ac.in/transport_maintainance_committee?section=bus_routes&year=2025-26 [127321] -> "avanthienggcollege.ac.in/transport_maintainance_committee?section=bus_routes&year=2025-26.html" [1]
2026-10-08 02:05:31 URL:https://avanthienggcollege.ac.in/transport_maintainance_committee?section=bus_routes&year=2024-25 [127321] -> "avanthienggcollege.ac.in/transport_maintainance_committee?section=bus_routes&year=2024-25.html" [1]
2026-10-08 02:05:32 URL:https://avanthienggcollege.ac.in/transport_maintainance_committee?section=bus_routes&year=2023-24 [127321] -> "avanthienggcollege.ac.in/transport_maintainance_committee?section=bus_routes&year=2023-24.html" [1]
2026-10-08 02:05:32 URL:https://avanthienggcollege.ac.in/transport_maintainance_committee?section=bus_routes&year=2022-23 [127321] -> "avanthienggcollege.ac.in/transport_maintainance_committee?section=bus_routes&year=2022-23.html" [1]
2026-10-08 02:05:33 URL:https://avanthienggcollege.ac.in/transport_maintainance_committee?section=bus_routes&year=2021-22 [127321] -> "avanthienggcollege.ac.in/transport_maintainance_committee?section=bus_routes&year=2021-22.html" [1]
2026-10-08 02:05:33 URL:https://avanthienggcollege.ac.in/transport_maintainance_committee?section=driver_contacts&year=2025-26 [127346] -> "avanthienggcollege.ac.in/transport_maintainance_committee?section=driver_contacts&year=2025-26.html" [1]
2026-10-08 02:05:34 URL:https://avanthienggcollege.ac.in/transport_maintainance_committee?section=driver_contacts&year=2024-25 [127346] -> "avanthienggcollege.ac.in/transport_maintainance_committee?section=driver_contacts&year=2024-25.html" [1]
2026-10-08 02:05:34 URL:https://avanthienggcollege.ac.in/transport_maintainance_committee?section=driver_contacts&year=2023-24 [127346] -> "avanthienggcollege.ac.in/transport_maintainance_committee?section=driver_contacts&year=2023-24.html" [1]
2026-10-08 02:05:35 URL:https://avanthienggcollege.ac.in/transport_maintainance_committee?section=driver_contacts&year=2022-23 [127346] -> "avanthienggcollege.ac.in/transport_maintainance_committee?section=driver_contacts&year=2022-23.html" [1]
2026-10-08 02:05:35 URL:https://avanthienggcollege.ac.in/transport_maintainance_committee?section=driver_contacts&year=2021-22 [127346] -> "avanthienggcollege.ac.in/transport_maintainance_committee?section=driver_contacts&year=2021-22.html" [1]
2026-10-08 02:05:36 URL:https://avanthienggcollege.ac.in/transport_maintainance_committee?section=bus_safety&year=2025-26 [127321] -> "avanthienggcollege.ac.in/transport_maintainance_committee?section=bus_safety&year=2025-26.html" [1]
2026-10-08 02:05:36 URL:https://avanthienggcollege.ac.in/transport_maintainance_committee?section=bus_safety&year=2024-25 [127321] -> "avanthienggcollege.ac.in/transport_maintainance_committee?section=bus_safety&year=2024-25.html" [1]
2026-10-08 02:05:36 URL:https://avanthienggcollege.ac.in/transport_maintainance_committee?section=bus_safety&year=2023-24 [127321] -> "avanthienggcollege.ac.in/transport_maintainance_committee?section=bus_safety&year=2023-24.html" [1]
2026-10-08 02:05:37 URL:https://avanthienggcollege.ac.in/transport_maintainance_committee?section=bus_safety&year=2022-23 [127321] -> "avanthienggcollege.ac.in/transport_maintainance_committee?section=bus_safety&year=2022-23.html" [1]
2026-10-08 02:05:37 URL:https://avanthienggcollege.ac.in/transport_maintainance_committee?section=bus_safety&year=2021-22 [127321] -> "avanthienggcollege.ac.in/transport_maintainance_committee?section=bus_safety&year=2021-22.html" [1]
2026-10-08 02:05:38 URL:https://avanthienggcollege.ac.in/hostel_maintenance_committee?section=committee_members&year=2025-26 [129345] -> "avanthienggcollege.ac.in/hostel_maintenance_committee?section=committee_members&year=2025-26.html" [1]
2026-10-08 02:05:38 URL:https://avanthienggcollege.ac.in/hostel_maintenance_committee?section=committee_members&year=2024-25 [125981] -> "avanthienggcollege.ac.in/hostel_maintenance_committee?section=committee_members&year=2024-25.html" [1]
2026-10-08 02:05:39 URL:https://avanthienggcollege.ac.in/hostel_maintenance_committee?section=committee_members&year=2023-24 [125981] -> "avanthienggcollege.ac.in/hostel_maintenance_committee?section=committee_members&year=2023-24.html" [1]
2026-10-08 02:05:39 URL:https://avanthienggcollege.ac.in/hostel_maintenance_committee?section=committee_members&year=2022-23 [125981] -> "avanthienggcollege.ac.in/hostel_maintenance_committee?section=committee_members&year=2022-23.html" [1]
2026-10-08 02:05:40 URL:https://avanthienggcollege.ac.in/hostel_maintenance_committee?section=committee_members&year=2021-22 [125981] -> "avanthienggcollege.ac.in/hostel_maintenance_committee?section=committee_members&year=2021-22.html" [1]
2026-10-08 02:05:40 URL:https://avanthienggcollege.ac.in/canteen_maintenance_committee?section=committee_members&year=2025-26 [128746] -> "avanthienggcollege.ac.in/canteen_maintenance_committee?section=committee_members&year=2025-26.html" [1]
2026-10-08 02:05:41 URL:https://avanthienggcollege.ac.in/canteen_maintenance_committee?section=committee_members&year=2024-25 [125687] -> "avanthienggcollege.ac.in/canteen_maintenance_committee?section=committee_members&year=2024-25.html" [1]
2026-10-08 02:05:41 URL:https://avanthienggcollege.ac.in/canteen_maintenance_committee?section=committee_members&year=2023-24 [125687] -> "avanthienggcollege.ac.in/canteen_maintenance_committee?section=committee_members&year=2023-24.html" [1]
2026-10-08 02:05:42 URL:https://avanthienggcollege.ac.in/canteen_maintenance_committee?section=committee_members&year=2022-23 [125687] -> "avanthienggcollege.ac.in/canteen_maintenance_committee?section=committee_members&year=2022-23.html" [1]
2026-10-08 02:05:42 URL:https://avanthienggcollege.ac.in/canteen_maintenance_committee?section=committee_members&year=2021-22 [125687] -> "avanthienggcollege.ac.in/canteen_maintenance_committee?section=committee_members&year=2021-22.html" [1]
2026-10-08 02:05:42 URL:https://avanthienggcollege.ac.in/fireandsafety_committee?section=committee_members&year=2025-26 [130068] -> "avanthienggcollege.ac.in/fireandsafety_committee?section=committee_members&year=2025-26.html" [1]
2026-10-08 02:05:43 URL:https://avanthienggcollege.ac.in/fireandsafety_committee?section=committee_members&year=2024-25 [127210] -> "avanthienggcollege.ac.in/fireandsafety_committee?section=committee_members&year=2024-25.html" [1]
2026-10-08 02:05:43 URL:https://avanthienggcollege.ac.in/fireandsafety_committee?section=committee_members&year=2023-24 [127210] -> "avanthienggcollege.ac.in/fireandsafety_committee?section=committee_members&year=2023-24.html" [1]
2026-10-08 02:05:44 URL:https://avanthienggcollege.ac.in/fireandsafety_committee?section=committee_members&year=2022-23 [127210] -> "avanthienggcollege.ac.in/fireandsafety_committee?section=committee_members&year=2022-23.html" [1]
2026-10-08 02:05:44 URL:https://avanthienggcollege.ac.in/fireandsafety_committee?section=committee_members&year=2021-22 [127210] -> "avanthienggcollege.ac.in/fireandsafety_committee?section=committee_members&year=2021-22.html" [1]
2026-10-08 02:05:46 URL:https://avanthienggcollege.ac.in/fireandsafety_committee?section=mock_drill&year=2025-26 [127236] -> "avanthienggcollege.ac.in/fireandsafety_committee?section=mock_drill&year=2025-26.html" [1]
2026-10-08 02:05:47 URL:https://avanthienggcollege.ac.in/fireandsafety_committee?section=mock_drill&year=2024-25 [127236] -> "avanthienggcollege.ac.in/fireandsafety_committee?section=mock_drill&year=2024-25.html" [1]
2026-10-08 02:05:47 URL:https://avanthienggcollege.ac.in/fireandsafety_committee?section=mock_drill&year=2023-24 [127236] -> "avanthienggcollege.ac.in/fireandsafety_committee?section=mock_drill&year=2023-24.html" [1]
2026-10-08 02:05:47 URL:https://avanthienggcollege.ac.in/fireandsafety_committee?section=mock_drill&year=2022-23 [127236] -> "avanthienggcollege.ac.in/fireandsafety_committee?section=mock_drill&year=2022-23.html" [1]
2026-10-08 02:05:48 URL:https://avanthienggcollege.ac.in/fireandsafety_committee?section=mock_drill&year=2021-22 [127236] -> "avanthienggcollege.ac.in/fireandsafety_committee?section=mock_drill&year=2021-22.html" [1]
2026-10-08 02:05:48 URL:https://avanthienggcollege.ac.in/fireandsafety_committee?section=safety_certificate&year=2025-26 [127276] -> "avanthienggcollege.ac.in/fireandsafety_committee?section=safety_certificate&year=2025-26.html" [1]
2026-10-08 02:05:49 URL:https://avanthienggcollege.ac.in/fireandsafety_committee?section=safety_certificate&year=2024-25 [127276] -> "avanthienggcollege.ac.in/fireandsafety_committee?section=safety_certificate&year=2024-25.html" [1]
2026-10-08 02:05:49 URL:https://avanthienggcollege.ac.in/fireandsafety_committee?section=safety_certificate&year=2023-24 [127276] -> "avanthienggcollege.ac.in/fireandsafety_committee?section=safety_certificate&year=2023-24.html" [1]
2026-10-08 02:05:50 URL:https://avanthienggcollege.ac.in/fireandsafety_committee?section=safety_certificate&year=2022-23 [127276] -> "avanthienggcollege.ac.in/fireandsafety_committee?section=safety_certificate&year=2022-23.html" [1]
2026-10-08 02:05:50 URL:https://avanthienggcollege.ac.in/fireandsafety_committee?section=safety_certificate&year=2021-22 [127276] -> "avanthienggcollege.ac.in/fireandsafety_committee?section=safety_certificate&year=2021-22.html" [1]
2026-10-08 02:05:51 URL:https://avanthienggcollege.ac.in/p_n_t_committee?section=committee_members&year=2025-26 [145144] -> "avanthienggcollege.ac.in/p_n_t_committee?section=committee_members&year=2025-26.html" [1]
2026-10-08 02:05:51 URL:https://avanthienggcollege.ac.in/p_n_t_committee?section=committee_members&year=2024-25 [142588] -> "avanthienggcollege.ac.in/p_n_t_committee?section=committee_members&year=2024-25.html" [1]
2026-10-08 02:05:52 URL:https://avanthienggcollege.ac.in/p_n_t_committee?section=committee_members&year=2023-24 [142588] -> "avanthienggcollege.ac.in/p_n_t_committee?section=committee_members&year=2023-24.html" [1]
2026-10-08 02:05:52 URL:https://avanthienggcollege.ac.in/p_n_t_committee?section=committee_members&year=2024-23 [142588] -> "avanthienggcollege.ac.in/p_n_t_committee?section=committee_members&year=2024-23.html" [1]
2026-10-08 02:05:53 URL:https://avanthienggcollege.ac.in/p_n_t_committee?section=committee_members&year=2022-21 [142588] -> "avanthienggcollege.ac.in/p_n_t_committee?section=committee_members&year=2022-21.html" [1]
2026-10-08 02:05:53 URL:https://avanthienggcollege.ac.in/p_n_t_committee?section=event_organised&year=2025-26 [144966] -> "avanthienggcollege.ac.in/p_n_t_committee?section=event_organised&year=2025-26.html" [1]
2026-10-08 02:05:54 URL:https://avanthienggcollege.ac.in/p_n_t_committee?section=event_organised&year=2024-25 [142716] -> "avanthienggcollege.ac.in/p_n_t_committee?section=event_organised&year=2024-25.html" [1]
2026-10-08 02:05:54 URL:https://avanthienggcollege.ac.in/p_n_t_committee?section=event_organised&year=2023-24 [142716] -> "avanthienggcollege.ac.in/p_n_t_committee?section=event_organised&year=2023-24.html" [1]
2026-10-08 02:05:55 URL:https://avanthienggcollege.ac.in/p_n_t_committee?section=event_organised&year=2022-23 [142716] -> "avanthienggcollege.ac.in/p_n_t_committee?section=event_organised&year=2022-23.html" [1]
2026-10-08 02:05:55 URL:https://avanthienggcollege.ac.in/p_n_t_committee?section=event_organised&year=2021-22 [142716] -> "avanthienggcollege.ac.in/p_n_t_committee?section=event_organised&year=2021-22.html" [1]
2026-10-08 02:05:56 URL:https://avanthienggcollege.ac.in/p_n_t_committee?section=event_attend&year=2025-26 [145957] -> "avanthienggcollege.ac.in/p_n_t_committee?section=event_attend&year=2025-26.html" [1]
2026-10-08 02:05:56 URL:https://avanthienggcollege.ac.in/p_n_t_committee?section=event_attend&year=2024-25 [142693] -> "avanthienggcollege.ac.in/p_n_t_committee?section=event_attend&year=2024-25.html" [1]
2026-10-08 02:05:56 URL:https://avanthienggcollege.ac.in/p_n_t_committee?section=event_attend&year=2023-24 [142693] -> "avanthienggcollege.ac.in/p_n_t_committee?section=event_attend&year=2023-24.html" [1]
2026-10-08 02:05:57 URL:https://avanthienggcollege.ac.in/p_n_t_committee?section=event_attend&year=2022-23 [142693] -> "avanthienggcollege.ac.in/p_n_t_committee?section=event_attend&year=2022-23.html" [1]
2026-10-08 02:05:57 URL:https://avanthienggcollege.ac.in/p_n_t_committee?section=event_attend&year=2021-22 [142693] -> "avanthienggcollege.ac.in/p_n_t_committee?section=event_attend&year=2021-22.html" [1]
2026-10-08 02:05:58 URL:https://avanthienggcollege.ac.in/sports_committee?section=committee_members&year=2025-26 [135567] -> "avanthienggcollege.ac.in/sports_committee?section=committee_members&year=2025-26.html" [1]
2026-10-08 02:05:58 URL:https://avanthienggcollege.ac.in/sports_committee?section=committee_members&year=2024-25 [129666] -> "avanthienggcollege.ac.in/sports_committee?section=committee_members&year=2024-25.html" [1]
2026-10-08 02:05:59 URL:https://avanthienggcollege.ac.in/sports_committee?section=committee_members&year=2023-24 [129666] -> "avanthienggcollege.ac.in/sports_committee?section=committee_members&year=2023-24.html" [1]
2026-10-08 02:05:59 URL:https://avanthienggcollege.ac.in/sports_committee?section=committee_members&year=2022-23 [129666] -> "avanthienggcollege.ac.in/sports_committee?section=committee_members&year=2022-23.html" [1]
2026-10-08 02:06:00 URL:https://avanthienggcollege.ac.in/sports_committee?section=committee_members&year=2021-22 [129666] -> "avanthienggcollege.ac.in/sports_committee?section=committee_members&year=2021-22.html" [1]
2026-10-08 02:06:00 URL:https://avanthienggcollege.ac.in/sports_committee?section=awards&year=2025-26 [130439] -> "avanthienggcollege.ac.in/sports_committee?section=awards&year=2025-26.html" [1]
2026-10-08 02:06:01 URL:https://avanthienggcollege.ac.in/sports_committee?section=awards&year=2024-25 [130439] -> "avanthienggcollege.ac.in/sports_committee?section=awards&year=2024-25.html" [1]
2026-10-08 02:06:01 URL:https://avanthienggcollege.ac.in/sports_committee?section=awards&year=2023-24 [130439] -> "avanthienggcollege.ac.in/sports_committee?section=awards&year=2023-24.html" [1]
2026-10-08 02:06:02 URL:https://avanthienggcollege.ac.in/sports_committee?section=awards&year=2022-23 [130439] -> "avanthienggcollege.ac.in/sports_committee?section=awards&year=2022-23.html" [1]
2026-10-08 02:06:02 URL:https://avanthienggcollege.ac.in/sports_committee?section=awards&year=2020-21 [130439] -> "avanthienggcollege.ac.in/sports_committee?section=awards&year=2020-21.html" [1]
2026-10-08 02:06:03 URL:https://avanthienggcollege.ac.in/sports_committee?section=awards&year=2021-22 [131588] -> "avanthienggcollege.ac.in/sports_committee?section=awards&year=2021-22.html" [1]
2026-10-08 02:06:03 URL:https://avanthienggcollege.ac.in/sports_committee?section=awards&year=2019-20 [131588] -> "avanthienggcollege.ac.in/sports_committee?section=awards&year=2019-20.html" [1]
2026-10-08 02:06:03 URL:https://avanthienggcollege.ac.in/sports_committee?section=awards&year=2018-19 [131588] -> "avanthienggcollege.ac.in/sports_committee?section=awards&year=2018-19.html" [1]
2026-10-08 02:06:04 URL:https://avanthienggcollege.ac.in/sports_committee?section=awards&year=2017-18 [131588] -> "avanthienggcollege.ac.in/sports_committee?section=awards&year=2017-18.html" [1]
2026-10-08 02:06:04 URL:https://avanthienggcollege.ac.in/sports_committee?section=events&year=2025-26 [130439] -> "avanthienggcollege.ac.in/sports_committee?section=events&year=2025-26.html" [1]
2026-10-08 02:06:05 URL:https://avanthienggcollege.ac.in/sports_committee?section=events&year=2024-25 [130439] -> "avanthienggcollege.ac.in/sports_committee?section=events&year=2024-25.html" [1]
2026-10-08 02:06:05 URL:https://avanthienggcollege.ac.in/sports_committee?section=events&year=2023-24 [130439] -> "avanthienggcollege.ac.in/sports_committee?section=events&year=2023-24.html" [1]
2026-10-08 02:06:06 URL:https://avanthienggcollege.ac.in/sports_committee?section=events&year=2022-23 [130439] -> "avanthienggcollege.ac.in/sports_committee?section=events&year=2022-23.html" [1]
2026-10-08 02:06:06 URL:https://avanthienggcollege.ac.in/sports_committee?section=events&year=2021-22 [131599] -> "avanthienggcollege.ac.in/sports_committee?section=events&year=2021-22.html" [1]
2026-10-08 02:06:07 URL:https://avanthienggcollege.ac.in/sports_committee?section=events&year=2020-21 [131599] -> "avanthienggcollege.ac.in/sports_committee?section=events&year=2020-21.html" [1]
2026-10-08 02:06:07 URL:https://avanthienggcollege.ac.in/sports_committee?section=events&year=2019-20 [131599] -> "avanthienggcollege.ac.in/sports_committee?section=events&year=2019-20.html" [1]
2026-10-08 02:06:08 URL:https://avanthienggcollege.ac.in/sports_committee?section=events&year=2018-19 [131599] -> "avanthienggcollege.ac.in/sports_committee?section=events&year=2018-19.html" [1]
2026-10-08 02:06:08 URL:https://avanthienggcollege.ac.in/sports_committee?section=events&year=2017-18 [131599] -> "avanthienggcollege.ac.in/sports_committee?section=events&year=2017-18.html" [1]
2026-10-08 02:06:09 URL:https://avanthienggcollege.ac.in/cultural_committee?section=committee_members&year=2025-26 [146344] -> "avanthienggcollege.ac.in/cultural_committee?section=committee_members&year=2025-26.html" [1]
2026-10-08 02:06:09 URL:https://avanthienggcollege.ac.in/cultural_committee?section=committee_members&year=2024-25 [143751] -> "avanthienggcollege.ac.in/cultural_committee?section=committee_members&year=2024-25.html" [1]
2026-10-08 02:06:10 URL:https://avanthienggcollege.ac.in/cultural_committee?section=committee_members&year=2023-24 [143751] -> "avanthienggcollege.ac.in/cultural_committee?section=committee_members&year=2023-24.html" [1]
2026-10-08 02:06:10 URL:https://avanthienggcollege.ac.in/cultural_committee?section=committee_members&year=2022-23 [143751] -> "avanthienggcollege.ac.in/cultural_committee?section=committee_members&year=2022-23.html" [1]
2026-10-08 02:06:10 URL:https://avanthienggcollege.ac.in/cultural_committee?section=committee_members&year=2021-22 [143751] -> "avanthienggcollege.ac.in/cultural_committee?section=committee_members&year=2021-22.html" [1]
2026-10-08 02:06:11 URL:https://avanthienggcollege.ac.in/cultural_committee?section=events&year=2025-26 [143741] -> "avanthienggcollege.ac.in/cultural_committee?section=events&year=2025-26.html" [1]
2026-10-08 02:06:11 URL:https://avanthienggcollege.ac.in/cultural_committee?section=events&year=2024-25 [143741] -> "avanthienggcollege.ac.in/cultural_committee?section=events&year=2024-25.html" [1]
2026-10-08 02:06:12 URL:https://avanthienggcollege.ac.in/cultural_committee?section=events&year=2023-24 [143741] -> "avanthienggcollege.ac.in/cultural_committee?section=events&year=2023-24.html" [1]
2026-10-08 02:06:12 URL:https://avanthienggcollege.ac.in/cultural_committee?section=events&year=2022-23 [143741] -> "avanthienggcollege.ac.in/cultural_committee?section=events&year=2022-23.html" [1]
2026-10-08 02:06:13 URL:https://avanthienggcollege.ac.in/cultural_committee?section=events&year=2021-22 [143741] -> "avanthienggcollege.ac.in/cultural_committee?section=events&year=2021-22.html" [1]
2026-10-08 02:06:13 URL:https://avanthienggcollege.ac.in/cultural_committee?section=awards&year=2025-26 [143741] -> "avanthienggcollege.ac.in/cultural_committee?section=awards&year=2025-26.html" [1]
2026-10-08 02:06:14 URL:https://avanthienggcollege.ac.in/cultural_committee?section=awards&year=2024-25 [143741] -> "avanthienggcollege.ac.in/cultural_committee?section=awards&year=2024-25.html" [1]
2026-10-08 02:06:14 URL:https://avanthienggcollege.ac.in/cultural_committee?section=awards&year=2023-24 [143741] -> "avanthienggcollege.ac.in/cultural_committee?section=awards&year=2023-24.html" [1]
2026-10-08 02:06:15 URL:https://avanthienggcollege.ac.in/cultural_committee?section=awards&year=2022-23 [143741] -> "avanthienggcollege.ac.in/cultural_committee?section=awards&year=2022-23.html" [1]
2026-10-08 02:06:15 URL:https://avanthienggcollege.ac.in/cultural_committee?section=awards&year=2021-22 [143741] -> "avanthienggcollege.ac.in/cultural_committee?section=awards&year=2021-22.html" [1]
2026-10-08 02:06:16 URL:https://avanthienggcollege.ac.in/newsletter_committee?section=committee_members&year=2025-26 [146226] -> "avanthienggcollege.ac.in/newsletter_committee?section=committee_members&year=2025-26.html" [1]
2026-10-08 02:06:16 URL:https://avanthienggcollege.ac.in/newsletter_committee?section=committee_members&year=2024-25 [143801] -> "avanthienggcollege.ac.in/newsletter_committee?section=committee_members&year=2024-25.html" [1]
2026-10-08 02:06:17 URL:https://avanthienggcollege.ac.in/newsletter_committee?section=committee_members&year=2023-24 [143801] -> "avanthienggcollege.ac.in/newsletter_committee?section=committee_members&year=2023-24.html" [1]
2026-10-08 02:06:17 URL:https://avanthienggcollege.ac.in/newsletter_committee?section=committee_members&year=2022-23 [143801] -> "avanthienggcollege.ac.in/newsletter_committee?section=committee_members&year=2022-23.html" [1]
2026-10-08 02:06:17 URL:https://avanthienggcollege.ac.in/newsletter_committee?section=committee_members&year=2021-22 [143801] -> "avanthienggcollege.ac.in/newsletter_committee?section=committee_members&year=2021-22.html" [1]
2026-10-08 02:06:18 URL:https://avanthienggcollege.ac.in/newsletter_committee?section=magazines&year=2025-26 [143809] -> "avanthienggcollege.ac.in/newsletter_committee?section=magazines&year=2025-26.html" [1]
2026-10-08 02:06:18 URL:https://avanthienggcollege.ac.in/newsletter_committee?section=magazines&year=2024-25 [143809] -> "avanthienggcollege.ac.in/newsletter_committee?section=magazines&year=2024-25.html" [1]
2026-10-08 02:06:19 URL:https://avanthienggcollege.ac.in/newsletter_committee?section=magazines&year=2023-24 [143809] -> "avanthienggcollege.ac.in/newsletter_committee?section=magazines&year=2023-24.html" [1]
2026-10-08 02:06:19 URL:https://avanthienggcollege.ac.in/newsletter_committee?section=magazines&year=2022-23 [143809] -> "avanthienggcollege.ac.in/newsletter_committee?section=magazines&year=2022-23.html" [1]
2026-10-08 02:06:20 URL:https://avanthienggcollege.ac.in/newsletter_committee?section=magazines&year=2021-22 [143809] -> "avanthienggcollege.ac.in/newsletter_committee?section=magazines&year=2021-22.html" [1]
2026-10-08 02:06:20 URL:https://avanthienggcollege.ac.in/newsletter_committee?section=new_letter&year=2025-26 [143815] -> "avanthienggcollege.ac.in/newsletter_committee?section=new_letter&year=2025-26.html" [1]
2026-10-08 02:06:21 URL:https://avanthienggcollege.ac.in/newsletter_committee?section=new_letter&year=2024-25 [143815] -> "avanthienggcollege.ac.in/newsletter_committee?section=new_letter&year=2024-25.html" [1]
2026-10-08 02:06:21 URL:https://avanthienggcollege.ac.in/newsletter_committee?section=new_letter&year=2023-24 [143815] -> "avanthienggcollege.ac.in/newsletter_committee?section=new_letter&year=2023-24.html" [1]
2026-10-08 02:06:22 URL:https://avanthienggcollege.ac.in/newsletter_committee?section=new_letter&year=2022-23 [143815] -> "avanthienggcollege.ac.in/newsletter_committee?section=new_letter&year=2022-23.html" [1]
2026-10-08 02:06:22 URL:https://avanthienggcollege.ac.in/newsletter_committee?section=new_letter&year=2021-22 [143815] -> "avanthienggcollege.ac.in/newsletter_committee?section=new_letter&year=2021-22.html" [1]
2026-10-08 02:06:23 URL:https://avanthienggcollege.ac.in/newsletter_committee?section=annual_event&year=2025-26 [143827] -> "avanthienggcollege.ac.in/newsletter_committee?section=annual_event&year=2025-26.html" [1]
2026-10-08 02:06:23 URL:https://avanthienggcollege.ac.in/newsletter_committee?section=annual_event&year=2024-25 [143827] -> "avanthienggcollege.ac.in/newsletter_committee?section=annual_event&year=2024-25.html" [1]
2026-10-08 02:06:24 URL:https://avanthienggcollege.ac.in/newsletter_committee?section=annual_event&year=2023-24 [143827] -> "avanthienggcollege.ac.in/newsletter_committee?section=annual_event&year=2023-24.html" [1]
2026-10-08 02:06:24 URL:https://avanthienggcollege.ac.in/newsletter_committee?section=annual_event&year=2022-23 [143827] -> "avanthienggcollege.ac.in/newsletter_committee?section=annual_event&year=2022-23.html" [1]
2026-10-08 02:06:25 URL:https://avanthienggcollege.ac.in/newsletter_committee?section=annual_event&year=2021-22 [143827] -> "avanthienggcollege.ac.in/newsletter_committee?section=annual_event&year=2021-22.html" [1]
2026-10-08 02:06:25 URL:https://avanthienggcollege.ac.in/NSS_NCC1?section=committee_members&year=2025-26 [130757] -> "avanthienggcollege.ac.in/NSS_NCC1?section=committee_members&year=2025-26.html" [1]
2026-10-08 02:06:25 URL:https://avanthienggcollege.ac.in/NSS_NCC1?section=committee_members&year=2024-25 [127349] -> "avanthienggcollege.ac.in/NSS_NCC1?section=committee_members&year=2024-25.html" [1]
2026-10-08 02:06:26 URL:https://avanthienggcollege.ac.in/NSS_NCC1?section=committee_members&year=2023-24 [127349] -> "avanthienggcollege.ac.in/NSS_NCC1?section=committee_members&year=2023-24.html" [1]
2026-10-08 02:06:26 URL:https://avanthienggcollege.ac.in/NSS_NCC1?section=committee_members&year=2022-23 [127349] -> "avanthienggcollege.ac.in/NSS_NCC1?section=committee_members&year=2022-23.html" [1]
2026-10-08 02:06:27 URL:https://avanthienggcollege.ac.in/NSS_NCC1?section=committee_members&year=2021-22 [127349] -> "avanthienggcollege.ac.in/NSS_NCC1?section=committee_members&year=2021-22.html" [1]
2026-10-08 02:06:27 URL:https://avanthienggcollege.ac.in/NSS_NCC1?section=events&year=2025-26 [127303] -> "avanthienggcollege.ac.in/NSS_NCC1?section=events&year=2025-26.html" [1]
2026-10-08 02:06:28 URL:https://avanthienggcollege.ac.in/NSS_NCC1?section=events&year=2024-25 [127303] -> "avanthienggcollege.ac.in/NSS_NCC1?section=events&year=2024-25.html" [1]
2026-10-08 02:06:28 URL:https://avanthienggcollege.ac.in/NSS_NCC1?section=events&year=2023-24 [127303] -> "avanthienggcollege.ac.in/NSS_NCC1?section=events&year=2023-24.html" [1]
2026-10-08 02:06:29 URL:https://avanthienggcollege.ac.in/NSS_NCC1?section=events&year=2022-23 [127303] -> "avanthienggcollege.ac.in/NSS_NCC1?section=events&year=2022-23.html" [1]
2026-10-08 02:06:29 URL:https://avanthienggcollege.ac.in/NSS_NCC1?section=events&year=2021-22 [127303] -> "avanthienggcollege.ac.in/NSS_NCC1?section=events&year=2021-22.html" [1]
2026-10-08 02:06:30 URL:https://avanthienggcollege.ac.in/NSS_NCC1?section=awards&year=2025-26 [127303] -> "avanthienggcollege.ac.in/NSS_NCC1?section=awards&year=2025-26.html" [1]
2026-10-08 02:06:30 URL:https://avanthienggcollege.ac.in/NSS_NCC1?section=awards&year=2024-25 [127303] -> "avanthienggcollege.ac.in/NSS_NCC1?section=awards&year=2024-25.html" [1]
2026-10-08 02:06:31 URL:https://avanthienggcollege.ac.in/NSS_NCC1?section=awards&year=2023-24 [127303] -> "avanthienggcollege.ac.in/NSS_NCC1?section=awards&year=2023-24.html" [1]
2026-10-08 02:06:31 URL:https://avanthienggcollege.ac.in/NSS_NCC1?section=awards&year=2022-23 [127303] -> "avanthienggcollege.ac.in/NSS_NCC1?section=awards&year=2022-23.html" [1]
2026-10-08 02:06:31 URL:https://avanthienggcollege.ac.in/NSS_NCC1?section=awards&year=2021-22 [127303] -> "avanthienggcollege.ac.in/NSS_NCC1?section=awards&year=2021-22.html" [1]
2026-10-08 02:06:32 URL:https://avanthienggcollege.ac.in/admission_committee?section=committee_members&year=2025-26 [134014] -> "avanthienggcollege.ac.in/admission_committee?section=committee_members&year=2025-26.html" [1]
2026-10-08 02:06:32 URL:https://avanthienggcollege.ac.in/admission_committee?section=committee_members&year=2024-25 [130650] -> "avanthienggcollege.ac.in/admission_committee?section=committee_members&year=2024-25.html" [1]
2026-10-08 02:06:34 URL:https://avanthienggcollege.ac.in/admission_committee?section=committee_members&year=2023-24 [130650] -> "avanthienggcollege.ac.in/admission_committee?section=committee_members&year=2023-24.html" [1]
2026-10-08 02:06:35 URL:https://avanthienggcollege.ac.in/admission_committee?section=committee_members&year=2022-23 [130650] -> "avanthienggcollege.ac.in/admission_committee?section=committee_members&year=2022-23.html" [1]
2026-10-08 02:06:35 URL:https://avanthienggcollege.ac.in/admission_committee?section=committee_members&year=2021-22 [130650] -> "avanthienggcollege.ac.in/admission_committee?section=committee_members&year=2021-22.html" [1]
2026-10-08 02:06:36 URL:https://avanthienggcollege.ac.in/alumini_committee?section=committee_members&year=2025-26 [146332] -> "avanthienggcollege.ac.in/alumini_committee?section=committee_members&year=2025-26.html" [1]
2026-10-08 02:06:36 URL:https://avanthienggcollege.ac.in/alumini_committee?section=committee_members&year=2024-25 [144094] -> "avanthienggcollege.ac.in/alumini_committee?section=committee_members&year=2024-25.html" [1]
2026-10-08 02:06:37 URL:https://avanthienggcollege.ac.in/alumini_committee?section=committee_members&year=2023-24 [144094] -> "avanthienggcollege.ac.in/alumini_committee?section=committee_members&year=2023-24.html" [1]
2026-10-08 02:06:37 URL:https://avanthienggcollege.ac.in/alumini_committee?section=committee_members&year=2022-23 [144094] -> "avanthienggcollege.ac.in/alumini_committee?section=committee_members&year=2022-23.html" [1]
2026-10-08 02:06:38 URL:https://avanthienggcollege.ac.in/alumini_committee?section=committee_members&year=2021-22 [144094] -> "avanthienggcollege.ac.in/alumini_committee?section=committee_members&year=2021-22.html" [1]
2026-10-08 02:06:38 URL:https://avanthienggcollege.ac.in/alumini_committee?section=registration&year=2025-26 [144072] -> "avanthienggcollege.ac.in/alumini_committee?section=registration&year=2025-26.html" [1]
2026-10-08 02:06:38 URL:https://avanthienggcollege.ac.in/alumini_committee?section=registration&year=2024-25 [144072] -> "avanthienggcollege.ac.in/alumini_committee?section=registration&year=2024-25.html" [1]
2026-10-08 02:06:39 URL:https://avanthienggcollege.ac.in/alumini_committee?section=registration&year=2023-24 [144072] -> "avanthienggcollege.ac.in/alumini_committee?section=registration&year=2023-24.html" [1]
2026-10-08 02:06:39 URL:https://avanthienggcollege.ac.in/alumini_committee?section=registration&year=2022-23 [144072] -> "avanthienggcollege.ac.in/alumini_committee?section=registration&year=2022-23.html" [1]
2026-10-08 02:06:40 URL:https://avanthienggcollege.ac.in/alumini_committee?section=registration&year=2021-22 [144072] -> "avanthienggcollege.ac.in/alumini_committee?section=registration&year=2021-22.html" [1]
2026-10-08 02:06:40 URL:https://avanthienggcollege.ac.in/alumini_committee?section=events&year=2025-26 [144036] -> "avanthienggcollege.ac.in/alumini_committee?section=events&year=2025-26.html" [1]
2026-10-08 02:06:41 URL:https://avanthienggcollege.ac.in/alumini_committee?section=events&year=2024-25 [144036] -> "avanthienggcollege.ac.in/alumini_committee?section=events&year=2024-25.html" [1]
2026-10-08 02:06:41 URL:https://avanthienggcollege.ac.in/alumini_committee?section=events&year=2023-24 [144036] -> "avanthienggcollege.ac.in/alumini_committee?section=events&year=2023-24.html" [1]
2026-10-08 02:06:42 URL:https://avanthienggcollege.ac.in/alumini_committee?section=events&year=2022-23 [144036] -> "avanthienggcollege.ac.in/alumini_committee?section=events&year=2022-23.html" [1]
2026-10-08 02:06:42 URL:https://avanthienggcollege.ac.in/alumini_committee?section=events&year=2021-22 [144036] -> "avanthienggcollege.ac.in/alumini_committee?section=events&year=2021-22.html" [1]
2026-10-08 02:06:43 URL:https://avanthienggcollege.ac.in/alumini_committee?section=meets&year=2025-26 [144030] -> "avanthienggcollege.ac.in/alumini_committee?section=meets&year=2025-26.html" [1]
2026-10-08 02:06:43 URL:https://avanthienggcollege.ac.in/alumini_committee?section=meets&year=2024-25 [144030] -> "avanthienggcollege.ac.in/alumini_committee?section=meets&year=2024-25.html" [1]
2026-10-08 02:06:44 URL:https://avanthienggcollege.ac.in/alumini_committee?section=meets&year=2023-24 [144030] -> "avanthienggcollege.ac.in/alumini_committee?section=meets&year=2023-24.html" [1]
2026-10-08 02:06:44 URL:https://avanthienggcollege.ac.in/alumini_committee?section=meets&year=2022-23 [144030] -> "avanthienggcollege.ac.in/alumini_committee?section=meets&year=2022-23.html" [1]
2026-10-08 02:06:45 URL:https://avanthienggcollege.ac.in/alumini_committee?section=meets&year=2021-22 [144030] -> "avanthienggcollege.ac.in/alumini_committee?section=meets&year=2021-22.html" [1]
2026-10-08 02:06:45 URL:https://avanthienggcollege.ac.in/alumini_committee?section=contribution&year=2025-26 [144072] -> "avanthienggcollege.ac.in/alumini_committee?section=contribution&year=2025-26.html" [1]
2026-10-08 02:06:46 URL:https://avanthienggcollege.ac.in/alumini_committee?section=contribution&year=2024-25 [144072] -> "avanthienggcollege.ac.in/alumini_committee?section=contribution&year=2024-25.html" [1]
2026-10-08 02:06:46 URL:https://avanthienggcollege.ac.in/alumini_committee?section=contribution&year=2023-24 [144072] -> "avanthienggcollege.ac.in/alumini_committee?section=contribution&year=2023-24.html" [1]
2026-10-08 02:06:47 URL:https://avanthienggcollege.ac.in/alumini_committee?section=contribution&year=2022-23 [144072] -> "avanthienggcollege.ac.in/alumini_committee?section=contribution&year=2022-23.html" [1]
2026-10-08 02:06:47 URL:https://avanthienggcollege.ac.in/alumini_committee?section=contribution&year=2021-22 [144072] -> "avanthienggcollege.ac.in/alumini_committee?section=contribution&year=2021-22.html" [1]
2026-10-08 02:06:48 URL:https://avanthienggcollege.ac.in/alumini_committee?section=eminent_alumni&year=2025-26 [144084] -> "avanthienggcollege.ac.in/alumini_committee?section=eminent_alumni&year=2025-26.html" [1]
2026-10-08 02:06:48 URL:https://avanthienggcollege.ac.in/alumini_committee?section=eminent_alumni&year=2024-25 [144084] -> "avanthienggcollege.ac.in/alumini_committee?section=eminent_alumni&year=2024-25.html" [1]
2026-10-08 02:06:48 URL:https://avanthienggcollege.ac.in/alumini_committee?section=eminent_alumni&year=2023-24 [144084] -> "avanthienggcollege.ac.in/alumini_committee?section=eminent_alumni&year=2023-24.html" [1]
2026-10-08 02:06:49 URL:https://avanthienggcollege.ac.in/alumini_committee?section=eminent_alumni&year=2022-23 [144084] -> "avanthienggcollege.ac.in/alumini_committee?section=eminent_alumni&year=2022-23.html" [1]
2026-10-08 02:06:49 URL:https://avanthienggcollege.ac.in/alumini_committee?section=eminent_alumni&year=2021-22 [144084] -> "avanthienggcollege.ac.in/alumini_committee?section=eminent_alumni&year=2021-22.html" [1]
2026-10-08 02:06:50 URL:https://avanthienggcollege.ac.in/alumini_committee?section=association&year=2025-26 [144066] -> "avanthienggcollege.ac.in/alumini_committee?section=association&year=2025-26.html" [1]
2026-10-08 02:06:50 URL:https://avanthienggcollege.ac.in/alumini_committee?section=association&year=2024-25 [144066] -> "avanthienggcollege.ac.in/alumini_committee?section=association&year=2024-25.html" [1]
2026-10-08 02:06:51 URL:https://avanthienggcollege.ac.in/alumini_committee?section=association&year=2023-24 [144066] -> "avanthienggcollege.ac.in/alumini_committee?section=association&year=2023-24.html" [1]
2026-10-08 02:06:51 URL:https://avanthienggcollege.ac.in/alumini_committee?section=association&year=2022-23 [144066] -> "avanthienggcollege.ac.in/alumini_committee?section=association&year=2022-23.html" [1]
2026-10-08 02:06:52 URL:https://avanthienggcollege.ac.in/alumini_committee?section=association&year=2021-22 [144066] -> "avanthienggcollege.ac.in/alumini_committee?section=association&year=2021-22.html" [1]
FINISHED --2026-10-08 02:06:52--
Total wall clock time: 7m 13s
Downloaded: 918 files, 120M in 1m 20s (1.50 MB/s)
2026-10-08 02:06:55 URL:https://avanthienggcollege.ac.in/alumni [135916] -> "avanthienggcollege.ac.in/alumni.html" [1]
2026-10-08 02:06:55 URL:https://avanthienggcollege.ac.in/electoral [124302] -> "avanthienggcollege.ac.in/electoral.html" [1]
2026-10-08 02:06:56 URL:https://avanthienggcollege.ac.in/mou [127183] -> "avanthienggcollege.ac.in/mou.html" [1]
2026-10-08 02:06:56 URL:https://avanthienggcollege.ac.in/iqac [121729] -> "avanthienggcollege.ac.in/iqac.html" [1]
2026-10-08 02:06:56 URL:https://avanthienggcollege.ac.in/admissionforms [15948] -> "avanthienggcollege.ac.in/admissionforms.html" [1]
2026-10-08 02:06:57 URL:https://avanthienggcollege.ac.in/contact_us [125022] -> "avanthienggcollege.ac.in/contact_us.html" [1]
2026-10-08 02:06:57 URL:https://avanthienggcollege.ac.in/about [122213] -> "avanthienggcollege.ac.in/about.html" [1]
2026-10-08 02:06:58 URL:https://avanthienggcollege.ac.in/founder [139954] -> "avanthienggcollege.ac.in/founder.html" [1]
2026-10-08 02:06:58 URL:https://avanthienggcollege.ac.in/principal [121411] -> "avanthienggcollege.ac.in/principal.html" [1]
2026-10-08 02:06:58 URL:https://avanthienggcollege.ac.in/org [118493] -> "avanthienggcollege.ac.in/org.html" [1]
2026-10-08 02:06:59 URL:https://avanthienggcollege.ac.in/grevience_leadership [124862] -> "avanthienggcollege.ac.in/grevience_leadership.html" [1]
2026-10-08 02:06:59 URL:https://avanthienggcollege.ac.in/commeitte [173414] -> "avanthienggcollege.ac.in/commeitte.html" [1]
2026-10-08 02:07:00 URL:https://avanthienggcollege.ac.in/inauguration [129747] -> "avanthienggcollege.ac.in/inauguration.html" [1]
2026-10-08 02:07:00 URL:https://avanthienggcollege.ac.in/nss [122239] -> "avanthienggcollege.ac.in/nss.html" [1]
2026-10-08 02:07:00 URL:https://avanthienggcollege.ac.in/gender-equality [124696] -> "avanthienggcollege.ac.in/gender-equality.html" [1]
2026-10-08 02:07:01 URL:https://avanthienggcollege.ac.in/energy [123655] -> "avanthienggcollege.ac.in/energy.html" [1]
2026-10-08 02:07:01 URL:https://avanthienggcollege.ac.in/waste [121722] -> "avanthienggcollege.ac.in/waste.html" [1]
2026-10-08 02:07:02 URL:https://avanthienggcollege.ac.in/water [123531] -> "avanthienggcollege.ac.in/water.html" [1]
2026-10-08 02:07:02 URL:https://avanthienggcollege.ac.in/greencampus [121670] -> "avanthienggcollege.ac.in/greencampus.html" [1]
2026-10-08 02:07:02 URL:https://avanthienggcollege.ac.in/audit [122571] -> "avanthienggcollege.ac.in/audit.html" [1]
2026-10-08 02:07:03 URL:https://avanthienggcollege.ac.in/disabled [120733] -> "avanthienggcollege.ac.in/disabled.html" [1]
2026-10-08 02:07:03 URL:https://avanthienggcollege.ac.in/institutional [136367] -> "avanthienggcollege.ac.in/institutional.html" [1]
2026-10-08 02:07:04 URL:https://avanthienggcollege.ac.in/sensitization [118828] -> "avanthienggcollege.ac.in/sensitization.html" [1]
2026-10-08 02:07:04 URL:https://avanthienggcollege.ac.in/codeofconduct [118833] -> "avanthienggcollege.ac.in/codeofconduct.html" [1]
2026-10-08 02:07:04 URL:https://avanthienggcollege.ac.in/best_practices [119964] -> "avanthienggcollege.ac.in/best_practices.html" [1]
2026-10-08 02:07:05 URL:https://avanthienggcollege.ac.in/institutional_distinctiveness [120351] -> "avanthienggcollege.ac.in/institutional_distinctiveness.html" [1]
2026-10-08 02:07:05 URL:https://avanthienggcollege.ac.in/ExtensionActivities [119193] -> "avanthienggcollege.ac.in/ExtensionActivities.html" [1]
2026-10-08 02:07:05 URL:https://avanthienggcollege.ac.in/institutional_values [118413] -> "avanthienggcollege.ac.in/institutional_values.html" [1]
2026-10-08 02:07:06 URL:https://avanthienggcollege.ac.in/value_rights_duties [118997] -> "avanthienggcollege.ac.in/value_rights_duties.html" [1]
2026-10-08 02:07:06 URL:https://avanthienggcollege.ac.in/measures_institution [144106] -> "avanthienggcollege.ac.in/measures_institution.html" [1]
2026-10-08 02:07:07 URL:https://avanthienggcollege.ac.in/quality_audits_on_energy_green [130071] -> "avanthienggcollege.ac.in/quality_audits_on_energy_green.html" [1]
2026-10-08 02:07:07 URL:https://avanthienggcollege.ac.in/bestpractices [117357] -> "avanthienggcollege.ac.in/bestpractices.html" [1]
2026-10-08 02:07:07 URL:https://avanthienggcollege.ac.in/ncc [122318] -> "avanthienggcollege.ac.in/ncc.html" [1]
2026-10-08 02:07:08 URL:https://avanthienggcollege.ac.in/pdp_organized [142890] -> "avanthienggcollege.ac.in/pdp_organized.html" [1]
2026-10-08 02:07:08 URL:https://avanthienggcollege.ac.in/institutionalleadership [122411] -> "avanthienggcollege.ac.in/institutionalleadership.html" [1]
2026-10-08 02:07:09 URL:https://avanthienggcollege.ac.in/function [119177] -> "avanthienggcollege.ac.in/function.html" [1]
2026-10-08 02:07:09 URL:https://avanthienggcollege.ac.in/ecap [119899] -> "avanthienggcollege.ac.in/ecap.html" [1]
2026-10-08 02:07:09 URL:https://avanthienggcollege.ac.in/t6 [121341] -> "avanthienggcollege.ac.in/t6.html" [1]
2026-10-08 02:07:10 URL:https://avanthienggcollege.ac.in/t1 [220673] -> "avanthienggcollege.ac.in/t1.html" [1]
2026-10-08 02:07:10 URL:https://avanthienggcollege.ac.in/t2 [195800] -> "avanthienggcollege.ac.in/t2.html" [1]
2026-10-08 02:07:11 URL:https://avanthienggcollege.ac.in/nt1 [162053] -> "avanthienggcollege.ac.in/nt1.html" [1]
2026-10-08 02:07:11 URL:https://avanthienggcollege.ac.in/nt2 [167156] -> "avanthienggcollege.ac.in/nt2.html" [1]
2026-10-08 02:07:12 URL:https://avanthienggcollege.ac.in/financialsupport_2023_24 [175301] -> "avanthienggcollege.ac.in/financialsupport_2023_24.html" [1]
2026-10-08 02:07:12 URL:https://avanthienggcollege.ac.in/financialsupport_2021_22 [166539] -> "avanthienggcollege.ac.in/financialsupport_2021_22.html" [1]
2026-10-08 02:07:12 URL:https://avanthienggcollege.ac.in/financialsupport_2020_21 [165143] -> "avanthienggcollege.ac.in/financialsupport_2020_21.html" [1]
2026-10-08 02:07:13 URL:https://avanthienggcollege.ac.in/financialsupport_2019_20 [149443] -> "avanthienggcollege.ac.in/financialsupport_2019_20.html" [1]
2026-10-08 02:07:13 URL:https://avanthienggcollege.ac.in/financialsupport_2018_19 [136026] -> "avanthienggcollege.ac.in/financialsupport_2018_19.html" [1]
2026-10-08 02:07:14 URL:https://avanthienggcollege.ac.in/financialsupport_2017_18 [138197] -> "avanthienggcollege.ac.in/financialsupport_2017_18.html" [1]
2026-10-08 02:07:14 URL:https://avanthienggcollege.ac.in/faculty_appraisal [119053] -> "avanthienggcollege.ac.in/faculty_appraisal.html" [1]
2026-10-08 02:07:14 URL:https://avanthienggcollege.ac.in/ictf_facilities [187869] -> "avanthienggcollege.ac.in/ictf_facilities.html" [1]
2026-10-08 02:07:15 URL:https://avanthienggcollege.ac.in/courses [145415] -> "avanthienggcollege.ac.in/courses.html" [1]
2026-10-08 02:07:15 URL:https://avanthienggcollege.ac.in/ece [211673] -> "avanthienggcollege.ac.in/ece.html" [1]
2026-10-08 02:07:16 URL:https://avanthienggcollege.ac.in/eee [186336] -> "avanthienggcollege.ac.in/eee.html" [1]
2026-10-08 02:07:16 URL:https://avanthienggcollege.ac.in/cse [186751] -> "avanthienggcollege.ac.in/cse.html" [1]
2026-10-08 02:07:16 URL:https://avanthienggcollege.ac.in/csm [169740] -> "avanthienggcollege.ac.in/csm.html" [1]
2026-10-08 02:07:17 URL:https://avanthienggcollege.ac.in/mech [158094] -> "avanthienggcollege.ac.in/mech.html" [1]
2026-10-08 02:07:17 URL:https://avanthienggcollege.ac.in/mba [120310] -> "avanthienggcollege.ac.in/mba.html" [1]
2026-10-08 02:07:17 URL:https://avanthienggcollege.ac.in/bsh [138298] -> "avanthienggcollege.ac.in/bsh.html" [1]
2026-10-08 02:07:18 URL:https://avanthienggcollege.ac.in/mtechvls [192175] -> "avanthienggcollege.ac.in/mtechvls.html" [1]
2026-10-08 02:07:18 URL:https://avanthienggcollege.ac.in/mtechcse [179011] -> "avanthienggcollege.ac.in/mtechcse.html" [1]
2026-10-08 02:07:19 URL:https://avanthienggcollege.ac.in/mtechpe [178662] -> "avanthienggcollege.ac.in/mtechpe.html" [1]
2026-10-08 02:07:19 URL:https://avanthienggcollege.ac.in/mtechdec [192169] -> "avanthienggcollege.ac.in/mtechdec.html" [1]
2026-10-08 02:07:20 URL:https://avanthienggcollege.ac.in/faculties_list [255179] -> "avanthienggcollege.ac.in/faculties_list.html" [1]
2026-10-08 02:07:20 URL:https://avanthienggcollege.ac.in/researchcenters [125150] -> "avanthienggcollege.ac.in/researchcenters.html" [1]
2026-10-08 02:07:20 URL:https://avanthienggcollege.ac.in/workshops [122841] -> "avanthienggcollege.ac.in/workshops.html" [1]
2026-10-08 02:07:21 URL:https://avanthienggcollege.ac.in/paper [119104] -> "avanthienggcollege.ac.in/paper.html" [1]
2026-10-08 02:07:21 URL:https://avanthienggcollege.ac.in/conferences [118857] -> "avanthienggcollege.ac.in/conferences.html" [1]
2026-10-08 02:07:21 URL:https://avanthienggcollege.ac.in/linkages [127320] -> "avanthienggcollege.ac.in/linkages.html" [1]
2026-10-08 02:07:22 URL:https://avanthienggcollege.ac.in/awards [119436] -> "avanthienggcollege.ac.in/awards.html" [1]
2026-10-08 02:07:22 URL:https://avanthienggcollege.ac.in/ecosystem [118623] -> "avanthienggcollege.ac.in/ecosystem.html" [1]
2026-10-08 02:07:22 URL:https://avanthienggcollege.ac.in/incubation [118628] -> "avanthienggcollege.ac.in/incubation.html" [1]
2026-10-08 02:07:23 URL:https://avanthienggcollege.ac.in/list_of_faculty [121260] -> "avanthienggcollege.ac.in/list_of_faculty.html" [1]
2026-10-08 02:07:23 URL:https://avanthienggcollege.ac.in/Grants [118807] -> "avanthienggcollege.ac.in/Grants.html" [1]
2026-10-08 02:07:24 URL:https://avanthienggcollege.ac.in/patents [132915] -> "avanthienggcollege.ac.in/patents.html" [1]
2026-10-08 02:07:24 URL:https://avanthienggcollege.ac.in/infrastracture [122269] -> "avanthienggcollege.ac.in/infrastracture.html" [1]
2026-10-08 02:07:24 URL:https://avanthienggcollege.ac.in/physical_facilities [169468] -> "avanthienggcollege.ac.in/physical_facilities.html" [1]
2026-10-08 02:07:25 URL:https://avanthienggcollege.ac.in/general_facilities [148593] -> "avanthienggcollege.ac.in/general_facilities.html" [1]
2026-10-08 02:07:25 URL:https://avanthienggcollege.ac.in/library_facilities [118695] -> "avanthienggcollege.ac.in/library_facilities.html" [1]
2026-10-08 02:07:25 URL:https://avanthienggcollege.ac.in/about_library [120677] -> "avanthienggcollege.ac.in/about_library.html" [1]
2026-10-08 02:07:26 URL:https://avanthienggcollege.ac.in/soul [121413] -> "avanthienggcollege.ac.in/soul.html" [1]
2026-10-08 02:07:26 URL:https://avanthienggcollege.ac.in/digital_library [120918] -> "avanthienggcollege.ac.in/digital_library.html" [1]
2026-10-08 02:07:27 URL:https://avanthienggcollege.ac.in/online_ejournals [120802] -> "avanthienggcollege.ac.in/online_ejournals.html" [1]
2026-10-08 02:07:27 URL:https://avanthienggcollege.ac.in/photo_gallery [121680] -> "avanthienggcollege.ac.in/photo_gallery.html" [1]
2026-10-08 02:07:28 URL:https://avanthienggcollege.ac.in/itf_facilities [118671] -> "avanthienggcollege.ac.in/itf_facilities.html" [1]
2026-10-08 02:07:28 URL:https://avanthienggcollege.ac.in/welfare [120297] -> "avanthienggcollege.ac.in/welfare.html" [1]
2026-10-08 02:07:28 URL:https://avanthienggcollege.ac.in/cse_department [138487] -> "avanthienggcollege.ac.in/cse_department.html" [1]
2026-10-08 02:07:29 URL:https://avanthienggcollege.ac.in/ece_department [136455] -> "avanthienggcollege.ac.in/ece_department.html" [1]
2026-10-08 02:07:29 URL:https://avanthienggcollege.ac.in/eee_department [130724] -> "avanthienggcollege.ac.in/eee_department.html" [1]
2026-10-08 02:07:30 URL:https://avanthienggcollege.ac.in/mech_department [137899] -> "avanthienggcollege.ac.in/mech_department.html" [1]
2026-10-08 02:07:30 URL:https://avanthienggcollege.ac.in/mba_department [125306] -> "avanthienggcollege.ac.in/mba_department.html" [1]
2026-10-08 02:07:30 URL:https://avanthienggcollege.ac.in/csm_department [125447] -> "avanthienggcollege.ac.in/csm_department.html" [1]
2026-10-08 02:07:31 URL:https://avanthienggcollege.ac.in/h_bs_department [133953] -> "avanthienggcollege.ac.in/h_bs_department.html" [1]
2026-10-08 02:07:31 URL:https://avanthienggcollege.ac.in/companies [118451] -> "avanthienggcollege.ac.in/companies.html" [1]
2026-10-08 02:07:31 URL:https://avanthienggcollege.ac.in/placements [142077] -> "avanthienggcollege.ac.in/placements.html" [1]
2026-10-08 02:07:32 URL:https://avanthienggcollege.ac.in/pg-courses [123190] -> "avanthienggcollege.ac.in/pg-courses.html" [1]
2026-10-08 02:07:32 URL:https://avanthienggcollege.ac.in/qualified [130880] -> "avanthienggcollege.ac.in/qualified.html" [1]
2026-10-08 02:07:33 URL:https://avanthienggcollege.ac.in/career-guidence [158911] -> "avanthienggcollege.ac.in/career-guidence.html" [1]
2026-10-08 02:07:33 URL:https://avanthienggcollege.ac.in/capacity_building [120202] -> "avanthienggcollege.ac.in/capacity_building.html" [1]
2026-10-08 02:07:33 URL:https://avanthienggcollege.ac.in/curriculam_planing [123050] -> "avanthienggcollege.ac.in/curriculam_planing.html" [1]
2026-10-08 02:07:34 URL:https://avanthienggcollege.ac.in/academic_flixbility [158166] -> "avanthienggcollege.ac.in/academic_flixbility.html" [1]
2026-10-08 02:07:35 URL:https://avanthienggcollege.ac.in/curriculumanalysis [142368] -> "avanthienggcollege.ac.in/curriculumanalysis.html" [1]
2026-10-08 02:07:36 URL:https://avanthienggcollege.ac.in/curriculam_enrichment [120438] -> "avanthienggcollege.ac.in/curriculam_enrichment.html" [1]
2026-10-08 02:07:36 URL:https://avanthienggcollege.ac.in/academic_regulation [120412] -> "avanthienggcollege.ac.in/academic_regulation.html" [1]
2026-10-08 02:07:37 URL:https://avanthienggcollege.ac.in/feedback_system [238413] -> "avanthienggcollege.ac.in/feedback_system.html" [1]
2026-10-08 02:07:37 URL:https://avanthienggcollege.ac.in/course_outcomes [126938] -> "avanthienggcollege.ac.in/course_outcomes.html" [1]
2026-10-08 02:07:38 URL:https://avanthienggcollege.ac.in/industrial_visits [157142] -> "avanthienggcollege.ac.in/industrial_visits.html" [1]
2026-10-08 02:07:38 URL:https://avanthienggcollege.ac.in/anti_sexual_harasssment [150608] -> "avanthienggcollege.ac.in/anti_sexual_harasssment.html" [1]
2026-10-08 02:07:38 URL:https://avanthienggcollege.ac.in/scholarship [134646] -> "avanthienggcollege.ac.in/scholarship.html" [1]
2026-10-08 02:07:39 URL:https://avanthienggcollege.ac.in/results [119941] -> "avanthienggcollege.ac.in/results.html" [1]
2026-10-08 02:07:39 URL:https://avanthienggcollege.ac.in/Students_Centric_Methods [128225] -> "avanthienggcollege.ac.in/Students_Centric_Methods.html" [1]
2026-10-08 02:07:39 URL:https://avanthienggcollege.ac.in/students_on_role [124168] -> "avanthienggcollege.ac.in/students_on_role.html" [1]
2026-10-08 02:07:40 URL:https://avanthienggcollege.ac.in/aicte_apporvedlist [119957] -> "avanthienggcollege.ac.in/aicte_apporvedlist.html" [1]
2026-10-08 02:07:40 URL:https://avanthienggcollege.ac.in/sports [122911] -> "avanthienggcollege.ac.in/sports.html" [1]
2026-10-08 02:07:41 URL:https://avanthienggcollege.ac.in/intra [123366] -> "avanthienggcollege.ac.in/intra.html" [1]
2026-10-08 02:07:41 URL:https://avanthienggcollege.ac.in/extra [122563] -> "avanthienggcollege.ac.in/extra.html" [1]
2026-10-08 02:07:41 URL:https://avanthienggcollege.ac.in/deanofacademics [127622] -> "avanthienggcollege.ac.in/deanofacademics.html" [1]
2026-10-08 02:07:42 URL:https://avanthienggcollege.ac.in/controllerofexamination [121782] -> "avanthienggcollege.ac.in/controllerofexamination.html" [1]
2026-10-08 02:07:42 URL:https://avanthienggcollege.ac.in/asstcontrollerofexamination [122605] -> "avanthienggcollege.ac.in/asstcontrollerofexamination.html" [1]
2026-10-08 02:07:42 URL:https://avanthienggcollege.ac.in/exams [158176] -> "avanthienggcollege.ac.in/exams.html" [1]
https://avanthienggcollege.ac.in/btechh:
2026-10-08 02:07:43 ERROR 404: Not Found.
https://avanthienggcollege.ac.in/mtechh:
2026-10-08 02:07:43 ERROR 404: Not Found.
https://avanthienggcollege.ac.in/mbaa:
2026-10-08 02:07:43 ERROR 404: Not Found.
https://avanthienggcollege.ac.in/mcaa:
2026-10-08 02:07:44 ERROR 404: Not Found.
2026-10-08 02:07:44 URL:https://avanthienggcollege.ac.in/iqac2024 [183271] -> "avanthienggcollege.ac.in/iqac2024.html" [1]
2026-10-08 02:07:44 URL:https://avanthienggcollege.ac.in/placements25_26 [120618] -> "avanthienggcollege.ac.in/placements25_26.html" [1]
2026-10-08 02:07:45 URL:https://avanthienggcollege.ac.in/placementts [143204] -> "avanthienggcollege.ac.in/placementts.html" [1]
https://avanthienggcollege.ac.in/page27:
2026-10-08 02:07:45 ERROR 404: Not Found.
https://avanthienggcollege.ac.in/page26:
2026-10-08 02:07:45 ERROR 404: Not Found.
https://avanthienggcollege.ac.in/page25:
2026-10-08 02:07:46 ERROR 404: Not Found.
https://avanthienggcollege.ac.in/page24:
2026-10-08 02:07:46 ERROR 404: Not Found.
https://avanthienggcollege.ac.in/page23:
2026-10-08 02:07:46 ERROR 404: Not Found.
https://avanthienggcollege.ac.in/page22:
2026-10-08 02:07:47 ERROR 404: Not Found.
https://avanthienggcollege.ac.in/page21:
2026-10-08 02:07:47 ERROR 404: Not Found.
https://avanthienggcollege.ac.in/page20:
2026-10-08 02:07:47 ERROR 404: Not Found.
https://avanthienggcollege.ac.in/page19:
2026-10-08 02:07:48 ERROR 404: Not Found.
https://avanthienggcollege.ac.in/page18:
2026-10-08 02:07:48 ERROR 404: Not Found.
https://avanthienggcollege.ac.in/page17:
2026-10-08 02:07:48 ERROR 404: Not Found.
https://avanthienggcollege.ac.in/page16:
2026-10-08 02:07:49 ERROR 404: Not Found.
https://avanthienggcollege.ac.in/page15:
2026-10-08 02:07:49 ERROR 404: Not Found.
https://avanthienggcollege.ac.in/page14:
2026-10-08 02:07:49 ERROR 404: Not Found.
https://avanthienggcollege.ac.in/page13:
2026-10-08 02:07:49 ERROR 404: Not Found.
https://avanthienggcollege.ac.in/page12:
2026-10-08 02:07:50 ERROR 404: Not Found.
https://avanthienggcollege.ac.in/page11:
2026-10-08 02:07:50 ERROR 404: Not Found.
https://avanthienggcollege.ac.in/page10:
2026-10-08 02:07:50 ERROR 404: Not Found.
https://avanthienggcollege.ac.in/page8:
2026-10-08 02:07:51 ERROR 404: Not Found.
https://avanthienggcollege.ac.in/page6:
2026-10-08 02:07:51 ERROR 404: Not Found.
https://avanthienggcollege.ac.in/page7:
2026-10-08 02:07:51 ERROR 404: Not Found.
https://avanthienggcollege.ac.in/page9:
2026-10-08 02:07:52 ERROR 404: Not Found.
https://avanthienggcollege.ac.in/page3:
2026-10-08 02:07:52 ERROR 404: Not Found.
2026-10-08 02:07:52 URL:https://avanthienggcollege.ac.in/iqac_objectives [119305] -> "avanthienggcollege.ac.in/iqac_objectives.html" [1]
2026-10-08 02:07:53 URL:https://avanthienggcollege.ac.in/iqac_roles [119878] -> "avanthienggcollege.ac.in/iqac_roles.html" [1]
2026-10-08 02:07:53 URL:https://avanthienggcollege.ac.in/iqac_functions [120454] -> "avanthienggcollege.ac.in/iqac_functions.html" [1]
2026-10-08 02:07:53 URL:https://avanthienggcollege.ac.in/iqac_composition [124135] -> "avanthienggcollege.ac.in/iqac_composition.html" [1]
2026-10-08 02:07:54 URL:https://avanthienggcollege.ac.in/iqac_aqar_reports [119884] -> "avanthienggcollege.ac.in/iqac_aqar_reports.html" [1]
2026-10-08 02:07:54 URL:https://avanthienggcollege.ac.in/iqac_mom [119818] -> "avanthienggcollege.ac.in/iqac_mom.html" [1]
2026-10-08 02:07:54 URL:https://avanthienggcollege.ac.in/iqac_institutional_distinctiveness [117399] -> "avanthienggcollege.ac.in/iqac_institutional_distinctiveness.html" [1]
2026-10-08 02:07:55 URL:https://avanthienggcollege.ac.in/iqac_academic_administrative [120134] -> "avanthienggcollege.ac.in/iqac_academic_administrative.html" [1]
2026-10-08 02:07:55 URL:https://avanthienggcollege.ac.in/iqac_annual_reports [117369] -> "avanthienggcollege.ac.in/iqac_annual_reports.html" [1]
2026-10-08 02:07:56 URL:https://avanthienggcollege.ac.in/iqac_institutional_values [117381] -> "avanthienggcollege.ac.in/iqac_institutional_values.html" [1]
2026-10-08 02:07:56 URL:https://avanthienggcollege.ac.in/iqac_student_satisfaction [119899] -> "avanthienggcollege.ac.in/iqac_student_satisfaction.html" [1]
2026-10-08 02:07:56 URL:https://avanthienggcollege.ac.in/iqac_quality_assurance [118715] -> "avanthienggcollege.ac.in/iqac_quality_assurance.html" [1]
2026-10-08 02:07:57 URL:https://avanthienggcollege.ac.in/iqac_feedback_analysis [118732] -> "avanthienggcollege.ac.in/iqac_feedback_analysis.html" [1]
2026-10-08 02:07:57 URL:https://avanthienggcollege.ac.in/iqac_reports [131229] -> "avanthienggcollege.ac.in/iqac_reports.html" [1]
2026-10-08 02:07:57 URL:https://avanthienggcollege.ac.in/careerguidanceand_placement_committee [130476] -> "avanthienggcollege.ac.in/careerguidanceand_placement_committee.html" [1]
2026-10-08 02:07:58 URL:https://avanthienggcollege.ac.in/greivance_redressal_committee [144143] -> "avanthienggcollege.ac.in/greivance_redressal_committee.html" [1]
2026-10-08 02:07:58 URL:https://avanthienggcollege.ac.in/iqac_committee [127596] -> "avanthienggcollege.ac.in/iqac_committee.html" [1]
2026-10-08 02:07:58 URL:https://avanthienggcollege.ac.in/academicaudit_committee [142776] -> "avanthienggcollege.ac.in/academicaudit_committee.html" [1]
FINISHED --2026-10-08 02:07:58--
Total wall clock time: 1m 5s
Downloaded: 140 files, 18M in 10s (1.78 MB/s)
